Text,Sentiment
" Pues ahora si, feliz 2020 ğŸŠ",0
 A prime minister who cannot or will not rise to the occasion - 'No better place to raise kids': Scott Morrison's new yearâ€¦,1
" What a busy year for  and #ConfigMgr! From ""COBO"" to Win32 apps to FileVault, hit milestonesâ€¦ ",0
 While this fire crisis is horrific - lives lost and many homes - can we please spare a thought for Aboriginal elders seeiâ€¦,-1
"Blue skies ahead, and a twinkle on the horizon. Ring in the new! 

#ilovesydney #SydNYEâ€¦ ",0
" Have an incredible new year. Thank you for an incredible decade of music, growth, happiness and challenges. 
Hereâ€™s to more musicâ€¦",1
"At least six homes have been destroyed in the small New South Wales town of Quaama, north of Bega. Sky News crews wâ€¦ ",-1
" ""Greens campaign to prevent backburning"" where is this apart from in your fevered imagination?",0
" Have an incredible new year. Thank you for an incredible decade of music, growth, happiness and challenges. 
Hereâ€™s to more musicâ€¦",1
Environment update - Fermentation Coolroom: 23.19 degC. Brauhaus: 22 degC recorded at January 1 11:00 AM,0
Side project showcase - check out Ri7laty..   #sideproject #makers ,0
   Why forests are allowed to build up fuel loads to the dangerous levels that guarantee aâ€¦,-1
00:00,0
Here are the biggest stories from Bloomberg News today ,0
 British police have charged a man with criminal damage after a painting was attacked at the Tate Modern gallery  â€¦,-1
"New Year, New You? Get in touch and see how we can help you make your next big move! ğŸ˜Š
â€‹
â€‹
â€‹â€¦ ",1
" â€œYou have stolen my childhoodâ€ 
-Greta-  

This is what a stolen childhood looks like. â€¦",-1
  ANGEL BABY &lt;3,0
 Youâ€™ve clearly never volunteered for anything in your life if after 3 months you still havenâ€™t offered RFS vollies a paymenâ€¦,1
Weâ€™d like to thank all of our partners for such an amazing year. ğŸŠThank you for your warm wishes and amazing gifts.â€¦ ,1
 There's fires happening in Victoria but moreso on NSW/Vic border. Melbourne had a bad day with the smâ€¦ ,-1
I'm so excited for today âœ¨âœ¨âœ¨ ,1
" Oh, the minister for strip searching children... sorry,  the NSW Minister for Emergency Services and Strip-Searching Chilâ€¦",-1
 Thank you Om ,1
" Cet homme a dit Ã  sa fille ""ne dis a personne que ton pÃ¨re est Ã©boueur, ils se moqueront de toi.""

Sa fille a fait prendâ€¦",0
"Ayam Goreng Pandan recipe - 
",0
  He ignored these kids and adults who marched in Sydney. He has no idea sitting in Kirribilli House with his persoâ€¦,-1
"ğŸ›  Trackwork
Until 5 Jan 2020 

Buses replace trains between Campsie and Sydenham while the train line is being upgrâ€¦ ",0
Rhetorical question...,0
"#Sydney (Appin) radar (SYD offline until OCT), 128 km. Current to 10:18 AM (2318 UTC). ",-1
" Thanks, Alex, and a very happy, healthy and safe New Year to you too, and to Sophia, your mum &amp; dad,â€¦ ",1
" In so many places,  journalists, crews and teams have told the stories of those heroes and of the traumatised communâ€¦",0
" Yes  of course itâ€™s a national emergency of epic proportions. 

You are the only politician calling it accurateâ€¦",0
" I think the sheer distance involed would be a logistical nightmare.

Not that #bulltitts gives a hâ€¦ ",0
 Goodbye 2019... ,0
" before this night end, i just wanna apologise to the ppl that I've hurt while i was hurting and thank u to everyone thatâ€¦",-1
  My heart is just broken over the loss of our koalas ğŸ˜ªğŸ˜ªğŸ˜ªğŸ˜ª,-1
 ,0
" Here's the leader of Australia's opposition yesterday, amidst historic bushfires, refusing to link what's happening to gâ€¦",-1
 You're DAMNED RIGHT it's Jason Alexander.,-1
 Australia is likely to be a wrecker on global climate change policy in the 2020s and I don't see that much hope of it châ€¦,1
100% âœŠğŸ¾ ,0
 OPINION: The NSW practice of strip-searching children for drugs (usually finding nothing) is directed by emergency servicâ€¦,-1
"   Hey Tom, Iâ€™m from Australia (Sydney) to be specific. What isnâ€™t been told in the press throughout thâ€¦",0
 Australia is likely to be a wrecker on global climate change policy in the 2020s and I don't see that much hope of it châ€¦,1
" I still have one of those Panasonic plasmas, and itâ€™s still a fantastic telly 10 years later.",1
 OPINION: The NSW practice of strip-searching children for drugs (usually finding nothing) is directed by emergency servicâ€¦,-1
   ğŸ‘,0
 Thank you Om ,1
" before this night end, i just wanna apologise to the ppl that I've hurt while i was hurting and thank u to everyone thatâ€¦",-1
New Years Day ,0
" Have an incredible new year. Thank you for an incredible decade of music, growth, happiness and challenges. 
Hereâ€™s to more musicâ€¦",1
 Why do you hate Gillard so much?,-1
" NO. I don't consent. Our government went ahead with fireworks in our cities and every corner, whilst precious animals, wilâ€¦",1
" If people want to know why Australia's government is trying to skate past this crisis, it's because the opposition is giâ€¦",-1
Is everybody in?,0
Safe travels... come back VERY soon! ,1
Big thank you to  from  for their wonderful help early yesterday morning at very short notice toâ€¦ ,1
me when I see my uni in leo dicaprio fancams,0
  Nobody cares what he says. Go back to Hawaii.,1
"   Itâ€™s playing out now 
A wierd scary bunch of god botherers with braiâ€¦ ",-1
  Queenstown today assuming this is the smoke from Aus? ,0
" A haunting, supernatural new series that demands to be binged. Every episode of the brand new Stan Original series #TheGâ€¦",1
 Happy New Year from Australia lets hope 2020 ushers in new change by abolishing USA's tyrannical #FATCA #CitizenshipTaâ€¦,1
"The most famous counting down in Earth! Happy New Year everybody.  Sydney, Australia ",1
"Iâ€™m still not sure about that new blue Big Ben colour scheme. Even if it is the long-lost original one. 

Oh - happy new year btw ğŸ‘",1
" 2010 vs 2020.

#DecadeChallenge #2010vs2020 ",0
" tallu gang, tallu gang, tallu gang, tallu gang",0
Hello 2020! To kick off the year in style here are a few fashion resolutions that are actually worth keeping: ,1
"Join us in celebrating the summer of 2020â€¦and win big with the KIIS Summer of Tickets!

This January, keep KIIS louâ€¦ ",1
" My friend  is very smart, funny and brave and today I posted my conversation with him that turned into a conveâ€¦",1
Really Ross? ,0
" In the early months of 2010 I left high school at the age of 15.

This decade has been my entire adult life. Construction toâ€¦",0
Southern highlands air quality has triggered the fog warning ,-1
" Quite apart from all the other bastardry he was subjected to, Shorten was hounded relentlessly by journalists because heâ€¦",0
A Paloma tÃ¡ em 2020 jÃ¡ Ã© me mandou um Ã¡udio kkkkkkk eu falei com o futuro,0
 Is it possible  that when all the dust eventually  settles we might see a Royal Commission into this tragedy.,-1
    Despite the best efforts of government the #ABC remains the most reliable source of news iâ€¦,-1
,0
'Pull my finger': Most bizarre sports highlights of 2019  via ,-1
 Happy new year everyone! We've now got more than 50 people who have volunteered space at their homes for people and/or theâ€¦,1
 Has the  decided to support bot-trolling? ,1
 Good work from  this morning with a small pic of fireworks and the rest really devoted to the fires. #priorities,1
" ""If the experts say it's safe to have the fireworks continue, well, we should do that. It sends a strong message to our coâ€¦",1
" Kook brought his suitcase &amp; bag into the room 

After Jimin decided to share with Tae , he then moved his suitcase &amp; bag outâ€¦",1
 Australia is likely to be a wrecker on global climate change policy in the 2020s and I don't see that much hope of it châ€¦,1
A harrowing video of firefighters being overrun by bushfire in the stateâ€™s south has given insight into the battlesâ€¦ ,0
"   Iâ€™ll just tell my daughters that thr sporting opportunities, safe spaces, etc râ€¦ ",1
   Tf a boarder ?,0
 Kaede,0
"WOW THIS ONE REALLY HITS HOME FOR ME, THE BENCH ISN'T BIG ENOUGH. ",1
 I'm sorry. I stood in the protests against starting that war (and only that war) until in my city wâ€¦ ,-1
I was 14 at the start of the 2010s. Feels like no time at all has gone by since then. Which is. . . concerning.,1
" Have an incredible new year. Thank you for an incredible decade of music, growth, happiness and challenges. 
Hereâ€™s to more musicâ€¦",1
 Spoke to my relatives in the Netherlands. They are very aware there whatâ€™s happening here. The Happy Clapper Slogan Bogan isâ€¦,1
 This is an excellent scientific explainer by  of exactly how #climatechange has changed Australian temperatâ€¦,1
 Dali wants to come too. #stowaway ,0
"The last time Spurs won a league game was last year.

#JoseOut",1
 Potentiallillillillill *blurgh* ally....,0
 A massive Happy New Year to you also Richard this will be a year of thinking bigger and smashing boâ€¦ ,1
"  Plus Gina and the mining gang, a Murdoch here or there... 
It's our money the LNP are spending on entertainment.",1
" Have an incredible new year. Thank you for an incredible decade of music, growth, happiness and challenges. 
Hereâ€™s to more musicâ€¦",1
 Yes girl!!,1
  Interestingly they also use an arm7 core.,1
 ,0
" NO. I don't consent. Our government went ahead with fireworks in our cities and every corner, whilst precious animals, wilâ€¦",1
  None of these ministers ever actually seem qualified for what theyâ€™re doing. When was the last time a Miniâ€¦,0
  Can someone from SS explain why my SS iPhone app has my bench working set progress from 30kgâ€¦ ,1
,0
 ,0
PiCo Campaign works with PiCoHub and PiCo Connect to provide you with a full suite of customer campaign capability.â€¦ ,0
 That moment when The Simpsons predicts the climax of Wano five years ago... ,0
" Salesi: Hey there Kairi, Hey there Kiara",0
" Well said  â¤ï¸
11 hrs in to the new decade here in Sydney. Hope your year , your decade and the eâ€¦ ",1
"    All of you: I don't like your tone, I won't have a bar of it, so beat it!",-1
How long until  starts on YouTube ?,0
" Have an incredible new year. Thank you for an incredible decade of music, growth, happiness and challenges. 
Hereâ€™s to more musicâ€¦",1
" Thank you for your calming influence, your visionary leadership, your inspirational vision, your Christian example, youâ€¦",1
"   Happy New Year from Sydney, Australia! ğŸ‰ğŸ‰ğŸ‰",1
   Not as shocked as when the PM gave Australia the middle finger and went to Hawaii. And gives usâ€¦,1
 The Public Information and Inquiry Centre has been opened for bushfire information in South Coast areas. The telephone numbeâ€¦,0
 My favourite intersection of competing interests is hardcore Australian monarchists and an increasingly climate activistâ€¦,1
   OK Doomer.,1
   did News Corp and Rupert tell one of their employees to come back because it's a bad look politiâ€¦,-1
" although they always look amazing, why the fuck did they light them? ",1
"  Kev - I canâ€™t fathom past PMâ€™s such as yourself, Julia, Tony, Malcolm, or Paul ever camping out at kirribilliâ€¦",0
But it seems #ScottyfromMarketing didn't read to the end of the book. Once Churchill raised morale he got voted out,0
" Have an incredible new year. Thank you for an incredible decade of music, growth, happiness and challenges. 
Hereâ€™s to more musicâ€¦",1
my mum cries every time i leave and it hurts,-1
 OPINION: The NSW practice of strip-searching children for drugs (usually finding nothing) is directed by emergency servicâ€¦,-1
   True- I prayed.,1
" Down Under, a sad and shocking end to our year. Thank you to all the heroes battling the fires nationwide. Itâ€™s hard to celâ€¦",-1
"Update from yesterdayâ€™s bushfire tweet. My sister-in-law and her family are safe, their house was spared thanks toâ€¦ ",1
" Yay, 1st follower!",1
 ,0
 esse tÃ¡ sendo com certeza o pior ano novo da minha vida,0
" Have an incredible new year. Thank you for an incredible decade of music, growth, happiness and challenges. 
Hereâ€™s to more musicâ€¦",1
 sen gÃ¼zel adamsÄ±n kardeÅŸim ya keÅŸke aynÄ± ÅŸehirde olsak iyi gelsin hepimize 2020,0
 I swear,-1
" Have an incredible new year. Thank you for an incredible decade of music, growth, happiness and challenges. 
Hereâ€™s to more musicâ€¦",1
 This story of mine from September seems more relevant than ever now.  ,0
 Thank you! Our New Yearâ€™s Eve volunteers are pretty amazing!,1
 Penalty rates reductions result in $50 million loss in wages  via ,-1
We zijn nu een uurtje verder... bestaat Duindorp nog? #Duindorp,0
 hahahahahahaha LIN,0
New Year Gardening adventures #Gardening #UrbanGardens #NewYearsDay2020  ,1
 The firefightersâ€™ union (FBEU) has been asking to meet with Elliott for months to talk about the impact of budget cuts onâ€¦,-1
 para sempre na minha memÃ³ria,0
 ğŸ˜˜,1
A reminder that Newscorp is owned by someone who sold out his citizenship for money. Murdoch is a propagandist andâ€¦ ,0
Mars Mission Update: December 2019  via ,0
 Went to bed.  I was not going to watch on principal.  Hasn't achieved anything but my self respect.,1
 Still a great place to raise your kids #ScottyfromMarketing ? #smoko ,1
Happy New Year to all my friends in the UK. Nice of you to turn up eventually ,1
Welcome to Morrison's Australia ,1
 This interim report of the Royal Commission into Aged Care is scandalous. Itâ€™s worth even reading the first 12 pages of thâ€¦,1
" Yes indeed. 
If  were a decent politician less influenced by conservative political ideology &amp; fundameâ€¦",1
ã€æ—¥æœ¬èªã®ä¸€äººç§°ã€‘ç§(ã‚ãŸã—/ã‚ãŸãã—)ã€åƒ•ã€ä¿ºã€ä¿ºæ§˜ã€è‡ªåˆ†ã€å„‚ã€ã‚ãŸã—ã€ã‚ãŸãã—ã€ã‚ãŸã„ã€ã‚ã„ã€ã‚ã ã™ã€ã†ã¡ã€ãŠã„ã‚‰ã€ãŠã‚‰ã€ãŠã„ã©ã‚“ã€å¾è¼©ã€æŸã€éº¿ã€å°ç”Ÿã€ã‚ã£ã—ã€ã‚ã¡ãã€å¦¾ã€æ‹™è€…ã€æ‰‹å‰â€¦etc.ã€€ã€è‹±èªã®ä¸€äººç§°ã€‘ï¼©ã€€æ—¥æœ¬èªã£ã¦ä¸–ç•Œä¸€é›£ã—ã„è¨€èªã ã¨æ€ã†(ç¬‘),0
" before this night end, i just wanna apologise to the ppl that I've hurt while i was hurting and thank u to everyone thatâ€¦",-1
 HAPPY NEW YEAR!!! ğŸ’™âš¡ğŸ’™âš¡ğŸ’™ Love Sonic #SonicMovie ,1
As he heads into the final stage of Olympic qualifiers will Graham Arnold be the first coach since Graham Arnold (câ€¦ ,0
" Have an incredible new year. Thank you for an incredible decade of music, growth, happiness and challenges. 
Hereâ€™s to more musicâ€¦",1
 My favourite intersection of competing interests is hardcore Australian monarchists and an increasingly climate activistâ€¦,1
 â€œNo better place to raise kidsâ€ -according to our PM this morning. ,1
 Tell us what you really think ğŸ˜‰ Happy New Year Laura! ,1
" Well at least the infection may be gone, that's a plus haha.
Seems like you're on the mend which I'm incredibly glad to hear ğŸ™‚",1
 Looks great!,1
 cof,0
Happy New year to all you hope 2020 will be a good year for us and hope arsenal  will win first  game in 2020,1
 Very hard to celebrate a decade where Govts had all the facts on the risks ahead and failed to act. As we head in to 2020â€¦,-1
 ??? How u know,0
Haha ,1
 HAPPY NEW YEAR!!! ğŸ’™âš¡ğŸ’™âš¡ğŸ’™ Love Sonic #SonicMovie ,1
"  and you will be held to account at the next election, I expect we will never see or hear of you again. And weâ€¦",0
Happy New Year ğŸ¥³ ,1
 HAPPY NEW YEAR!!! ğŸ’™âš¡ğŸ’™âš¡ğŸ’™ Love Sonic #SonicMovie ,1
  (Insert obligatory caveat about parsimony being valuable),1
 See Dacait and Arjun. They were released in 80s,0
" Que ce dernier jour de lâ€™annÃ©e soit la fin de toutes souffrances, pleures que vous avez endurÃ© tout au long de celle-ci afin deâ€¦",-1
 Ú†Ø§Ù„Ø´ ÙŠÙ‡ÙˆÙŠÙŠ Ø¨ÙŠ Ø§Ø±Ø§ÙŠØ´ Ù…Ù†Ùˆ Ø¯ÙŠØ¯ÙŠ ğŸ¤£ğŸ¤£ğŸ¤£,1
 Lmaoooo,0
" Have an incredible new year. Thank you for an incredible decade of music, growth, happiness and challenges. 
Hereâ€™s to more musicâ€¦",1
 ,0
" No, they were not. Television viewers were shocked to see entire streets destroyed by fire and families sheltering on boatsâ€¦",-1
" PM 2.5  

#YouveStolenMyChildhood 
#HowDareYou 
#AustraliaBurns
#PeopleAreDying
#CoalMan â€¦",0
" what a crap overnight program you have at the moment - dead air, a host who needs a personalised transplantâ€¦ ",-1
" à¹à¸‡à¹‰à¸‡à¸‡à¸‡à¸‡à¸‡à¸‡à¸‡à¸§!!...à¸¡à¸¸à¸¡à¸™à¸µà¹‰à¸„à¸·à¸­à¸à¸µà¹ˆà¸ˆà¹‰à¸²à¸™à¸™à¹ˆà¸²à¸£à¸±à¸à¸¡à¸²à¸ à¸™à¹ˆà¸²à¸£à¸±à¸à¸—à¸µà¹ˆà¸ªà¸¸à¸” à¸™à¹ˆà¸²à¸£à¸±à¸à¹†à¹†à¹†à¹†à¹†à¹†ğŸ˜­ğŸ˜­ğŸ˜­ à¸„à¸™à¸­à¸°à¹„à¸£à¸•à¸à¹ƒà¸ˆà¸à¸£à¸°à¸”à¸²à¸©à¸¢à¸±à¸‡à¸”à¸¹à¸›à¸¸à¹Šà¸à¸›à¸´à¹Šà¸ à¸¡à¹‰à¸­à¸šà¹à¸¡à¹‰à¸š à¹„à¸›à¸«à¸¡à¸”
à¸à¸£à¸°â€¦",-1
alr goodnight.       waking up to one of your follows wouâ€¦ ,0
 This person needs to be sacked. Unforgivable abrogation of duty. Would anyone  in the private sector who cares about  their jobâ€¦,1
  Oh! Oh thank you so much. Thatâ€™s incredibly kind of you. Bless you my dear. Take good câ€¦ ,1
" Have an incredible new year. Thank you for an incredible decade of music, growth, happiness and challenges. 
Hereâ€™s to more musicâ€¦",1
   ,0
 Not specifically but very little left on the north,0
 â€œNo better place to raise kidsâ€ -according to our PM this morning. ,1
" Have an incredible new year. Thank you for an incredible decade of music, growth, happiness and challenges. 
Hereâ€™s to more musicâ€¦",1
"     ""Every year four tonnes of fuel per hectare accumulatâ€¦ ",0
  Now weâ€™re faced with IDâ€™ing whoâ€™s Rasputin.,0
  Martin sounds like heâ€™s about twelve years old.  Knows nothing..does nothing..,1
Bienvenue Ã  la troisiÃ¨me cohorte de spÃ©cialistes des incendies du Canada qui sont arrivÃ©s Ã  #Brisbane en ce Jour deâ€¦ ,0
 Youâ€™re welcome,1
 ,0
" No, they were not. Television viewers were shocked to see entire streets destroyed by fire and families sheltering on boatsâ€¦",-1
"They called him a reporter, I think I'm dying of laughter. IN WHAT WORLD!",1
" More than 5 million hectares burned.

Now 11 people killed.

Almost 500 million animals estimated dead.

At least 18 expeâ€¦",-1
 Okay... so let's invert it. What would need to happen for you to change your view?,1
" Childless women are to be commended for not breeding, 80 years out from human extinction.

A baby born in 2019 and 2020â€¦",1
,0
  If we had a #Labor PM they would be screaming at the world to expedite action on greenhouâ€¦ ,-1
   happy new year bby i love u,1
 scomo loves money scomo loves money scomo loves money scomo loves money scomo loves money scomo loves money scomo loves mâ€¦,1
"  As sad as it is, the mob donâ€™t have long memories - the meonly gen is alive and well",1
 How good is air pollution!? ,1
 couch turkey! yuumm ğŸ˜‹,0
Ø¨Ù‡Ø§Ø¡ Ø³Ù„Ø·Ø§Ù† Ù‚Ù…Ø±ğŸ¥°ğŸ¥°,1
  ğŸ¤,0
" before this night end, i just wanna apologise to the ppl that I've hurt while i was hurting and thank u to everyone thatâ€¦",-1
" You know itâ€™s bad when it makes the news in America (with all due respect, my friends, but this doesnâ€™t happen often).â€¦",1
7 crackheads fr ,0
 Happy new year everyone! We've now got more than 50 people who have volunteered space at their homes for people and/or theâ€¦,1
" Thank you , your only fans page looks great pup may have to join but could he handle to tease ğŸ˜‚",1
ä¿ºã‚ˆã‚Šå¼·ã„ãŠé­šã«ä¼šã„ã«è¡Œãï¼,0
" â€œ...reflecting individual circumstances...â€
Howard phraseology to a T.
Master of the mealy-mouthed manoâ€¦ ",0
  How she dickriding her own people?,0
Infographic: A relationship timeline of the established couples from #LoveIslandAU  ,0
" More than 5 million hectares burned.

Now 11 people killed.

Almost 500 million animals estimated dead.

At least 18 expeâ€¦",-1
 Happy new year everyone x ,1
Someone go out w me tonight,0
"Happy new year â™¥ï¸
#cheers ğŸ¥‚ #skÃ¥l #2020 en Sydney Harbour Bridge ",1
 Proud of you qurban,1
" Cet homme a dit Ã  sa fille ""ne dis a personne que ton pÃ¨re est Ã©boueur, ils se moqueront de toi.""

Sa fille a fait prendâ€¦",0
" Incredible - and frightening - photos are emerging from Mallacoota, a small town in the East Gippsland region of Victoria, where aâ€¦",-1
 Yu couldnâ€™t make this up.,0
" Have an incredible new year. Thank you for an incredible decade of music, growth, happiness and challenges. 
Hereâ€™s to more musicâ€¦",1
"It's good to know I can still pull the chicks

Unfortunately, Sadat's my dear, I'm probably a bit past being a goodâ€¦ ",1
" Happy new year, you amazing person ğŸ¥³â¤ï¸",1
 August had 157 days and nobody can convince me otherwise. September was fuckery too.,1
 OPINION: The NSW practice of strip-searching children for drugs (usually finding nothing) is directed by emergency servicâ€¦,-1
" Have an incredible new year. Thank you for an incredible decade of music, growth, happiness and challenges. 
Hereâ€™s to more musicâ€¦",1
" A kangaroo amongst the remains of a burnt house in Gannet Place, Batemanâ€™s Bay  #bushfiresNSW â€¦",0
 Wow! Nancy that's fantastic so happy for you. A little bit of good news goes along way right now ğŸ”¥ğŸ™,1
 ,0
" Cet homme a dit Ã  sa fille ""ne dis a personne que ton pÃ¨re est Ã©boueur, ils se moqueront de toi.""

Sa fille a fait prendâ€¦",0
 ğŸ™ğŸ¾ğŸ™ğŸ¾ğŸ™ğŸ¾,0
Sydney throwing fire into the sky whilst hundreds lose homes to bush fires.  #Sydney,-1
 I mean the ABC basically spent the last decade avoiding saying the words â€œclimate changeâ€ because senior editors were scared of Eâ€¦,-1
,0
" Happy New Year! 
May the new year and decade be full of spectacular goals, many winning games, trophies, amazing players aâ€¦",1
" Have an incredible new year. Thank you for an incredible decade of music, growth, happiness and challenges. 
Hereâ€™s to more musicâ€¦",1
 Itâ€™s time to start walking the talk - letâ€™s start with our own actions ,0
"New year ...same, same ğŸ¤·ğŸ¼â€â™€ï¸

Rantanen #AvsTwitterPsychic #GoAvsGo â¤ï¸ğŸ’™â¤ï¸ğŸ’™ ",0
"   This was Nowa Nowa, why is this not the story across all our screens? These idiots are tâ€¦",0
 I know it sounds weird to blame journalists but in bourgeois democracies theyâ€™re the folk who shape how we perceive politics andâ€¦,-1
  #Climatecriminals.. that's a keeper.,0
" I can accept it's genuinely a difficult problem for politicians. Coal was, in dollar terms, our biggest export in 2018.â€¦",-1
" No, they were not. Television viewers were shocked to see entire streets destroyed by fire and families sheltering on boatsâ€¦",-1
" Have an incredible new year. Thank you for an incredible decade of music, growth, happiness and challenges. 
Hereâ€™s to more musicâ€¦",1
" Have an incredible new year. Thank you for an incredible decade of music, growth, happiness and challenges. 
Hereâ€™s to more musicâ€¦",1
" Sounds like someone cut too close to the bone.

Are you offended because it's the first time you have eveâ€¦ ",-1
 Meet the bushfire heroes involved in the video that's captured the attention of the nation this morning. #9News â€¦,1
  æ–°é—»è”æ’­å¤ªåäº†ï¼Œä½ ä»¬éƒ½å¤ªåäº†ï¼Œä¸“æŒ‘ä¸»å¸­æ¯›ç—…ï¼Œä¸»å¸­è¯´çš„æ˜¯æ–¹è¨€â•æ™®é€šè¯ï¼Œå¿µé”™çš„é‚£éƒ½æ˜¯æ–¹è¨€ğŸ˜‚,1
" But that trade is going away whether we like it or not. 

China's imports are forecast to fall 8% next year. Korea now hâ€¦",1
 Happy Healthy &amp; Safe 2020!,1
" People are dying fighting fires, families are sitting on beaches whilst trying to stay alive, people are watching theirâ€¦",0
 ğŸ™‚â¤ï¸,1
" Cet homme a dit Ã  sa fille ""ne dis a personne que ton pÃ¨re est Ã©boueur, ils se moqueront de toi.""

Sa fille a fait prendâ€¦",0
" A kangaroo amongst the remains of a burnt house in Gannet Place, Batemanâ€™s Bay  #bushfiresNSW â€¦",0
" Our emergency workers are giving it all they've got to keep Australians safe.

Governments have got to do everything they can tâ€¦",1
 ,0
    Yeah come on Iâ€™ll wait,1
 feeling like shit...just want this bitch back ğŸ˜­ ,-1
   4.6 million hectares are burning and youâ€™re worried about a fucking swear word? Fuck me dead.,-1
 OPINION: The NSW practice of strip-searching children for drugs (usually finding nothing) is directed by emergency servicâ€¦,-1
" Sydneyâ€™s New Yearâ€™s Eve fireworks showed TV audiences all over Earth the insensitivity of Australians, who put on a dispâ€¦",-1
 â€œNo better place to raise kidsâ€ -according to our PM this morning. ,1
Only one thing... real #climate leadership at all levels! Happy 2020  - wonâ€™t we happy for me without it! ,1
"Use code: Sanka in the item shop ğŸ‡¦ğŸ‡º
#happynewyear ",0
  Those who are soulless and/or stupid enough to continually deny Climate Crisis will notâ€¦ ,-1
" Cet homme a dit Ã  sa fille ""ne dis a personne que ton pÃ¨re est Ã©boueur, ils se moqueront de toi.""

Sa fille a fait prendâ€¦",0
  totropahin muna taz kung sure ko na kahit papaano may pag-asa na bet ko niya kay mu go pud ko. Hahahaha ğŸ˜,1
There's a little dude at my door ,0
" NO. I don't consent. Our government went ahead with fireworks in our cities and every corner, whilst precious animals, wilâ€¦",1
"â”â”â”â”“â”â”â”â”“â”â”â”â”“â”â”â”â”“
â”—â”â”“â”ƒâ”ƒâ”â”“â”ƒâ”—â”â”“â”ƒâ”ƒâ”â”“â”ƒ
â”â”â”›â”ƒâ”ƒâ”ƒâ”ƒâ”ƒâ”â”â”›â”ƒâ”ƒâ”ƒâ”ƒâ”ƒ
   HOMEOPATHY DOESN'T WORK
â”ƒâ”â”â”›â”ƒâ”ƒâ”ƒâ”ƒâ”ƒâ”â”â”›â”ƒâ”ƒâ”ƒâ”ƒ
â”ƒâ”—â”â”“â”ƒâ”—â”›â”ƒâ”ƒâ”—â”â”“â”ƒâ”—â”›â”ƒ
â”—â”â”â”›â”—â”â”â”›â”—â”â”â”›â”—â”â”",0
 Wohoo! Congrats! ,1
 HAPPY FKN NEW YEAR ğŸ¥³ ,1
 How good is air pollution!? ,1
 i love how both mamamoo and seventeen went sexy for their cover stages and then went all out jazz for their collab staâ€¦,1
Scanner Radio: Police &amp; Fire by  LLC  ,-1
" Farewell to your Decade of Deceit. 

See if you can avoid knifing Albo.",-1
" Wow
â€œHow good are wealthy-employed-luxury-car-driving deranged psychopaths?â€ ğŸ™Œ",1
"The regime in Montenegro cannot be held in power
only on the fear of an ""anti-civilization
anti-democratic"" Serbia",-1
  thank you.  so are we.,1
 Superb reporting on the #AustralianFires on  w.   and  (and reporters oâ€¦,1
 The firefightersâ€™ union (FBEU) has been asking to meet with Elliott for months to talk about the impact of budget cuts onâ€¦,-1
" before this night end, i just wanna apologise to the ppl that I've hurt while i was hurting and thank u to everyone thatâ€¦",-1
" Hahaha the future is hot! I am safe, thank you for checking!! One of the fires is edging near me butâ€¦ ",1
" Have an incredible new year. Thank you for an incredible decade of music, growth, happiness and challenges. 
Hereâ€™s to more musicâ€¦",1
I wouldn't expect anything less from #TheirABC ,0
 OPINION: The NSW practice of strip-searching children for drugs (usually finding nothing) is directed by emergency servicâ€¦,-1
 more blessings + be successful + happiness for 2020 let's all claim it âœ¨,1
 The firefightersâ€™ union (FBEU) has been asking to meet with Elliott for months to talk about the impact of budget cuts onâ€¦,-1
" Tell us your stories and share your photos and videos from Australia's bushfire crisis via this form, but obviously pleasâ€¦",-1
 Seriously though - absolute shoutout to the ABC during this crisis. Theyâ€™re out there saving lives as per their charter and iâ€¦,-1
"   Gee, Helen, I wish you would stop beating around the bush and say what yâ€¦ ",-1
 Australian voters should be crystal clear that what's happening isn't remote trade diplomacy that has nothing to do withâ€¦,1
"   Testing times at Kirribilli last night!
Some of the boys had too many sherbies and had to pukeâ€¦",0
,0
 How unprepared our technology is. There are probably thousands of feature filled smart phones in the hands of the 5000 soâ€¦,1
Happy New Years you bunch of internet creeps x,1
" The action needed will be difficult but isnâ€™t complicated: 

1. No new coal or gas plants or extraction approvals. 2. Total decâ€¦",-1
,0
 Im living in 2020 dude,0
Time for the  to remove this pathetic excuse of a so called #PrimeMinister #sackfomo #sackscummoâ€¦ ,-1
" Yes indeed. 
If  were a decent politician less influenced by conservative political ideology &amp; fundameâ€¦",1
 Tex Perkins dedicating The Honeymoon is Over to the PM &amp; then flipping off Kirribilli on live TV is a perfect way to endâ€¦,1
 dq11 ,0
" Mi novia llegÃ³ y me pillÃ³ sin haber hecho el oficio, porque cuando el amor llega asÃ­ de esa manera, uno no se da ni cuentâ€¦",-1
 What about leaving these young people alone and letting them get on with their lives.,-1
" Here's the leader of Australia's opposition yesterday, amidst historic bushfires, refusing to link what's happening to gâ€¦",-1
" Have an incredible new year. Thank you for an incredible decade of music, growth, happiness and challenges. 
Hereâ€™s to more musicâ€¦",1
I think by the 5th round my Bacardi with pineapple juice was just straight Bacardi ğŸ™ƒ cause that will explain why my head feels heavy.,1
 Extraordinary... ,0
ğŸ”¥ğŸ”¥ğŸ”¥ğŸ”¥ ,-1
"It is the end of a decade but the start of an age.
When nothing is certain everyhting is possible.

Long live

Feliz 2020",-1
 OPINION: The NSW practice of strip-searching children for drugs (usually finding nothing) is directed by emergency servicâ€¦,-1
"2020.
Happy New Year. ğŸ˜˜
I hope you will be healthy again this year.ğŸ˜ ",1
Just make them stop.,-1
 ,0
 Thank you so much!!!! Iâ€™m proud of you too!,1
happy new years ğŸ–¤ ,1
,0
How to Win a War  via ,0
Jair Messias Bolsonaro - SÃ©rgio Moro: CRIMES CONTRA OLAVO DE CARVALHO E FAMÃLIA - Sign: ,0
Where can I find info on when to watch the Black Caps in the SCG nets? Kiwi and raving cricket fan ğŸ™ ,1
oi  work your shit out,-1
" ""the gig economyâ€™s rise has been accompanied by a fall in the fortunes of working households"" - the  view on gig workâ€¦",0
 Anyway itâ€™s not even lunch yet on day one of 2020 and I already have the angry panda out ... ,-1
" More than 5 million hectares burned.

Now 11 people killed.

Almost 500 million animals estimated dead.

At least 18 expeâ€¦",-1
 Apparently heâ€™s on his way back due to the outrage felt by many. Is this the standard now? Ministers who canâ€™t/wonâ€™t do tâ€¦,-1
"   My 4g is working intermittently from a hill in the bay, it is frustratingly slow",-1
 Yeah Darrell in your position why donâ€™t u tell the truth as u see it?,1
   Far out!!,0
  My guess is when the govt does its inquiry in the lack of back burning the abc stories and mateâ€¦ ,-1
     I agree with . David Elliott job isâ€¦ ,1
 ğŸ˜¢ğŸ˜¢,-1
" A friend just sent me these pics of her kids at the Bega Showground tonight.

Haunting images like this will forever eâ€¦",1
 Happy new year!,1
 Laura Tingle said that I want documentation so I can relish the moment.,1
ğŸ¦‡ğŸ‘¨ğŸ» ,0
 what the future looks like ... ,1
  How some in America see Australia ,0
    Sadly true.,0
" â€œPlease donâ€™t think youâ€™re the expert. Take the advice of the expertsâ€, says , who along with her party has made a poâ€¦",1
Kensington track today :105 percent markets on races 4/7/8 today to win $5000 from 1pm till 1:30 pm .Normal Best ofâ€¦ ,1
" Cet homme a dit Ã  sa fille ""ne dis a personne que ton pÃ¨re est Ã©boueur, ils se moqueront de toi.""

Sa fille a fait prendâ€¦",0
 This really goes beyond political class; this is now about a small powerful divisive obscene cult trâ€¦ ,-1
" before this night end, i just wanna apologise to the ppl that I've hurt while i was hurting and thank u to everyone thatâ€¦",-1
 It burnt all the way to the coast. This is McKenzie Beach 15 mins south of Batemans Bay #NSWfires #SouthCoastFires â€¦,0
" A friend just sent me these pics of her kids at the Bega Showground tonight.

Haunting images like this will forever eâ€¦",1
 This is an excellent scientific explainer by  of exactly how #climatechange has changed Australian temperatâ€¦,1
 Look   Lots of light + no #Fireworks for #NYE2020 ,-1
 Tattooed the Painted Lady from Avatar the Last Airbender ğŸ’‰â™¥ï¸ ,0
Since the fires have crossed state borders can't the feds come in now without invitation? I wonder what the hold upâ€¦ ,0
" Have an incredible new year. Thank you for an incredible decade of music, growth, happiness and challenges. 
Hereâ€™s to more musicâ€¦",1
   Why forests are allowed to build up fuel loads to the dangerous levels that guarantee aâ€¦,-1
" This isnâ€™t an original observation but I worry that bushfires are becoming for us what mass shootings are for Americaâ€”routine,â€¦",-1
"Police helicopter is doing happy laps overhead.
Wonder what's going on.",1
I'm one of those people who loves the start of a new year and fresh to-do lists! One of my personal goals this yearâ€¦ ,1
   Live a little!,0
       â€¦ ,0
" before this night end, i just wanna apologise to the ppl that I've hurt while i was hurting and thank u to everyone thatâ€¦",-1
 #2020 #Bushfires #Canberra #Auspol #NSWPol ,0
 Happy new year. Sorry for my messages ğŸ†,1
So weather and  climate have nothing to do with drought?  #auspol ,0
i think i'll carry on,0
  You mean Bible?,0
 what the future looks like ... ,1
Donald Trump Jr. Tells Story of NYC Restaurant that Surprised Him with W...  via ,1
hahaha! may ma igu pada? ,1
" Have an incredible new year. Thank you for an incredible decade of music, growth, happiness and challenges. 
Hereâ€™s to more musicâ€¦",1
          â€¦,0
i should stop watching this kinda video in 2020 ,-1
 shut up why you exposing me like that ğŸ˜”,1
 Apparently Sydney raised apparently 918k by midnight last night through Red Cross. Kinda funny how god geâ€¦ ,1
 Cite one time The Greens have done this,0
 FELIZ AÃ‘O NUEVO HIJOS DE PUTA. ,0
Fact checking Angus Taylor: does Australia have a climate change record to be proud of? Spoiler alert: NO!!â€¦ ,1
Some good news ,1
" åŠ²çˆ†åˆè¾£çœ¼ï¼Œæœ‰æƒçš„æµæ°“çœŸä¼šç©ï¼ï¼ğŸ˜‚ğŸ˜‚
ä¸Šæµ·æ¨æµ¦åŒºæ”¿æ³•å¹²éƒ¨é›†ä½“æ·«ä¹±è§†é¢‘æµå‡ºï¼ï¼ğŸ˜ğŸ˜ ",1
,0
 This story of mine from September seems more relevant than ever now.  ,0
Iâ€™mwithTex,0
"We're not an outfit that focuses on diversity as a target--we focus solely on talent.

Yet lo &amp; behold, 60% ofâ€¦ ",1
"wow, morrison is gonna lose his job to eminem ",1
 ,0
" Protesters stopped burn-offs in East Gippsland, which has since been devastated by fire. Most Green/Labor councillors aroundâ€¦",-1
 what the future looks like ... ,1
"Was in bed before midnight and now am making a coffee with a slice of panettone, and thatâ€™s the energy Iâ€™m bringing into the new year.",1
" A kangaroo amongst the remains of a burnt house in Gannet Place, Batemanâ€™s Bay  #bushfiresNSW â€¦",0
" No, they were not. Television viewers were shocked to see entire streets destroyed by fire and families sheltering on boatsâ€¦",-1
Are you a software developer? Are you looking for a new job in the new year? You might like to check out my articleâ€¦ ,1
" Scott Morrison was furious when Christine Nixon went for dinner on Black Saturday.

10 News has confirmed that tonight,â€¦",-1
,0
Wao! ,0
 à¸–à¹ˆà¸²à¸¢à¸à¸¥à¸¸à¸£à¸­à¸š 3 à¸—à¸¸à¹ˆà¸¡  Sydney à¸¡à¸²à¸à¸²à¸ à¸›à¸µà¸™à¸µà¹‰à¸ªà¸§à¸¢à¸¡à¸²à¸à¸™à¸¹à¹Šà¸Šà¸Š #à¹€à¸›à¹Šà¸à¸œà¸¥à¸´à¸•à¹‚à¸Šà¸„ #peckpalitchoke ,0
HAPPY BIRTHDAY HINATA,1
 â€œNo better place to raise kidsâ€ -according to our PM this morning. ,1
"  Nice strawman, snowflake.

",1
 Thank you Om ,1
 The firefightersâ€™ union (FBEU) has been asking to meet with Elliott for months to talk about the impact of budget cuts onâ€¦,-1
" NO. I don't consent. Our government went ahead with fireworks in our cities and every corner, whilst precious animals, wilâ€¦",1
" Protesters stopped burn-offs in East Gippsland, which has since been devastated by fire. Most Green/Labor councillors aroundâ€¦",-1
"INTRIGA DE FINAL DE ANO

surgiu a discussao se o nome da minha gata seria COM H (theodora) ou SEM H (teodora). precâ€¦ ",0
" â€œThe future is already here, it's just not evenly distributed."" William Gibson  ",0
 Goodbye 2019... ,0
 To you and the family as well Peter .,1
Would love to know the backstory to his 'escape'. ,1
 This story of mine from September seems more relevant than ever now.  ,0
" The action needed will be difficult but isnâ€™t complicated: 

1. No new coal or gas plants or extraction approvals. 2. Total decâ€¦",-1
"  Points of contact
â€”â€”â€”â€”â€”â€”â€”â€”
Hospitals 
Pharmacies 
Aged Care 
Home care

Products
â€”â€”â€”â€”
Scanners
Diaâ€¦ ",1
So obvious ğŸ˜– ,0
 Vose,0
" donâ€™t for get the TAC Stock .....  wait, what!? ",0
 A firefighter in South Australia has been praised for rescuing six vulnerable koalas from a raging bushfire. More here ğŸ‘‡â€¦,-1
  Heâ€™s probably the only one in the country!!!! ğŸ˜¡ğŸ˜¡ğŸ˜¡ What happent to holidaying in our own backyard to supporâ€¦,0
Breakfast burrito. Undefeated in 2020 ,0
" â”â”â”â”“â”â”â”â”“â”â”â”â”“â”â”â”â”“
â”—â”â”“â”ƒâ”ƒâ”â”“â”ƒâ”—â”â”“â”ƒâ”ƒâ”â”“â”ƒ
â”â”â”›â”ƒâ”ƒâ”ƒâ”ƒâ”ƒâ”â”â”›â”ƒâ”ƒâ”ƒâ”ƒâ”ƒ
   HOMEOPATHY DOESN'T WORK
â”ƒâ”â”â”›â”ƒâ”ƒâ”ƒâ”ƒâ”ƒâ”â”â”›â”ƒâ”ƒâ”ƒâ”ƒ
â”ƒâ”—â”â”“â”ƒâ”—â”›â”ƒâ”ƒâ”—â”â”“â”ƒâ”—â”›â”ƒ
â”—â”â”â”›â”—â”â”â”›â”—â”â”â”›â”—â”â”",0
" Reylo isn't even a ship anymore, it's just a bunch of people who wish that the rest of the world would show a single fuckinâ€¦",1
 Fire is under control but all the roads out of the suburb are closed,-1
" Cet homme a dit Ã  sa fille ""ne dis a personne que ton pÃ¨re est Ã©boueur, ils se moqueront de toi.""

Sa fille a fait prendâ€¦",0
"So good how there's smoke in our living room and bedroom and every air purifier in a three hour radius is sold out,â€¦ ",1
" Decade In Review Twitter:

Australians: ""Well, I am still here, here's to the next decade"".

British: ""One may have erredâ€¦",1
       â€¦ ,0
  Theyâ€™re sombre because they ran out of prawns and lobster far too early....,0
,0
 Live every day of 2020 as free as John Boyega lived his last day of 2019: ,1
"100 Marines, 2 Apaches being sent to secure US Embassy in Iraq from Iran-backed group  via ",1
 His glib Pentie statements are offensive in the extreme.,-1
  I'd be happy if the media pulled up politicians who lie in interviews and pressers. They let the lying pricks ofâ€¦,-1
  Outrageous. Celebrating the New Year. Thats good for 10 years gaol.,1
 Relive this yearâ€™s breathtaking Sydney New Year's Eve fireworks display â€“ see the highlights ğŸ¥³! #SydNYE â€¦,1
 Sorry We Missed You David. Hope youâ€™re enjoying fabulous meals &amp; visits to galleries in Paris. Nothing much happening in NSWâ€¦,1
"   ""When what you hear and what you see don't match, trust your eyes.""
Take your own advice.",-1
 Iâ€™ve always enjoyed Thinking Allowed by the BBC - fantastic sociology podcast that covers any topic you can think of.,1
 When I play soccer âš½ï¸ I usually sit down and let the rest of the team do the work because I am only 9â€¦ ,1
 This is an excellent scientific explainer by  of exactly how #climatechange has changed Australian temperatâ€¦,1
  I guess itâ€™s easy when youâ€™re in Melbourne to RT others and to try to justify your stanâ€¦ ,1
"We are excited to share some awesome happenings that will unfold in 2020...

ğŸ§˜ğŸ¼â€â™‚ğŸ§˜ğŸ¼â€â™‚ Two new teachers!!
ğŸ“½ 21 Day Vâ€¦ ",1
" Find out what happens when the narcissist knows you've figured them out, and equip yourself with the knowledge you neeâ€¦",0
With the locals. ,0
"Oh my God, the Leafs don't need anymore players injured #TORvsMIN",-1
" Witnesses my ass.

Unindicted - - -Co-conspirators. ",-1
 As journalists we have a deeply important responsibility to properly inform the public. By not tackling this false â€œdeniaâ€¦,1
 Another Decade arrives I hope everyone is positive rather than Negative ğŸ‘!! Life is to live and most IMPORTANTLY ENJOY ğŸ˜Š!!â€¦,1
,0
 Ross Gittins lays out the governmentâ€™s strategy very clearly here: â€˜as part of their commitment to Smaller Government..â€¦,1
Same reason mathematicians crack seemingly-impossible problems â€“ there are essential nutrients there to  grow new iâ€¦ ,-1
" Cet homme a dit Ã  sa fille ""ne dis a personne que ton pÃ¨re est Ã©boueur, ils se moqueront de toi.""

Sa fille a fait prendâ€¦",0
   Son of Anton ,0
 ,0
" A friend just sent me these pics of her kids at the Bega Showground tonight.

Haunting images like this will forever eâ€¦",1
 And the whole 'left -v- right' thing is a right-wing construct. it's hilarious too as 'hey lefties' ..â€¦ ,1
 Remember everyone:  and  have prioritised saving money (there are currently idle firefighting planesâ€¦,0
 Same here mate.. youâ€™re a great friend &amp; a like a brother...catch up soon ğŸ˜ŠğŸ‘ğŸ»ğŸº,1
" Cet homme a dit Ã  sa fille ""ne dis a personne que ton pÃ¨re est Ã©boueur, ils se moqueront de toi.""

Sa fille a fait prendâ€¦",0
" Have an incredible new year. Thank you for an incredible decade of music, growth, happiness and challenges. 
Hereâ€™s to more musicâ€¦",1
 Im living in 2020 dude,0
 Call of Duty Ghosts because of the awesome dog that you get to play as  and are able to call it in aâ€¦ ,1
" Precisely. There are deeply improper forces at play in the national â€œdebateâ€ around our collective, and immediate, futureâ€¦",1
 I canâ€™t handle this ğŸ˜¢ğŸ˜¢ğŸ˜¢ğŸ˜¢ğŸ˜¢ğŸ˜¢ ,-1
" I think I might pick one up in Sydney - I'm driving up today, and back on Saturday, did you guys want one?",1
" Why Not start the NEW YEAR with a Gym #workout !! 
ğŸ’•HAPPY NEW YEAR LOVERS !! ğŸ’•
 â€¦",1
" and  are fake ""unions"" set up by the LNP and big business to destroy Queensland workers and comeâ€¦ ",-1
 OPINION: The NSW practice of strip-searching children for drugs (usually finding nothing) is directed by emergency servicâ€¦,-1
" Have an incredible new year. Thank you for an incredible decade of music, growth, happiness and challenges. 
Hereâ€™s to more musicâ€¦",1
 Je vous souhaite une Bonne AnnÃ©e 2020 les amis ! Qu'elle vous rÃ©serve de bonnes choses ! ,0
 what the future looks like ... ,1
Definitely don't add #ScottyfromMarketing or #LiarFromTheShire or #AustraliaBurns or #MorrisonFires ,1
" Quite apart from all the other bastardry he was subjected to, Shorten was hounded relentlessly by journalists because heâ€¦",0
" à¹€à¸—à¹ˆà¸«à¹Œà¸Šà¸«à¹€à¸¥à¸¢à¸à¹ˆà¸­à¹€à¸­à¹‰à¸¢à¸¢à¸¢à¸¢à¸¢à¸¢!!
#AISBangkokCountdown2020xPeck
#à¹€à¸„à¹‰à¸²à¸—à¹Œà¸”à¸²à¸§à¸™à¹Œ2020à¸à¸±à¸šà¸à¸µà¹ˆà¹€à¸›à¹Šà¸
#Countdown2020withPeck
#à¹€à¸›à¹Šà¸à¸œà¸¥à¸´à¸•à¹‚à¸Šà¸„
#Pecâ€¦",0
,0
Yesterday my wife and kids went to see the sequel to that movie with that song and the snow. I went to a cafe insteâ€¦ ,0
" Incredible - and frightening - photos are emerging from Mallacoota, a small town in the East Gippsland region of Victoria, where aâ€¦",-1
  I'm all for reducing spending on private health and education provision which is  direcâ€¦ ,0
 Live every day of 2020 as free as John Boyega lived his last day of 2019: ,1
" Mi novia llegÃ³ y me pillÃ³ sin haber hecho el oficio, porque cuando el amor llega asÃ­ de esa manera, uno no se da ni cuentâ€¦",-1
  Do people still read the  ? ğŸ˜‚ğŸ˜‚ğŸ˜‚ #ScottyFromMarketing must be earning his $$$$ from Stoopid Roopâ€¦,1
  Ok obvious troll.,1
" Reposting with just the art! Happy new year once again! Hoping to fill 2020 year with more sylvix art &lt;3
#FE3H #sylvix httpâ€¦",1
" Cet homme a dit Ã  sa fille ""ne dis a personne que ton pÃ¨re est Ã©boueur, ils se moqueront de toi.""

Sa fille a fait prendâ€¦",0
   What a ludicrous proposal Mick. Absurd. Illogical and useless. Conseâ€¦ ,-1
 Haha nah just a wee dram or two,1
" We're not an outfit that focuses on diversity as a target--we focus solely on talent.

Yet lo &amp; behold, 60% of 'sâ€¦",1
 ,0
 Happy new year to you Ulane. Another year for beautiful words and magical walks in your enchanted forest ğŸŒ³,1
 Sabrina Carpenter!!!!!,0
" Happy, positive and active New Decade Greta. Keep doing your great work.",1
 Thanks Benny. I wish you and your family all the best for 2020,1
  That went well Joshie ğŸ˜‚ğŸ˜‚ğŸ˜‚,1
 what the future looks like ... ,1
Criminals trying to remove ankle monitors put on notice by corrections m...  via ,-1
Happy New Year 2020!,1
  How come all the guys look like they have recently had something substantial shoved up their bottom? ğŸ˜‹ğŸ¤ªğŸ˜ğŸ˜œğŸ˜„ğŸ˜†ğŸ˜ğŸ˜…ğŸ˜‚ğŸ¤£,1
" More than 5 million hectares burned.

Now 11 people killed.

Almost 500 million animals estimated dead.

At least 18 expeâ€¦",-1
Maybe the truth hurts? ,-1
" To be fair, unless the job is pretending to be a policeman or stacking branches with fellow nut job Christians, David Elliâ€¦",1
  ,0
unbelievable #LiarFromTheShire #ClimateChange denier ,-1
  ,0
Eppi niu iar ,0
         â€¦,0
This is pretty but also sinister ,-1
 To Free Scotland ğŸ´ó §ó ¢ó ³ó £ó ´ó ¿â¤ï¸...!!!,1
" Thank you and Happy New Year to you and yours.
Here's hoping for much happiness to come. ğŸ¨ğŸƒ",1
 Good riddance to that mongrel of a year. 2020 is ready to rock. Bring it on!!!!,1
" â”â”â”â”“â”â”â”â”“â”â”â”â”“â”â”â”â”“
â”—â”â”“â”ƒâ”ƒâ”â”“â”ƒâ”—â”â”“â”ƒâ”ƒâ”â”“â”ƒ
â”â”â”›â”ƒâ”ƒâ”ƒâ”ƒâ”ƒâ”â”â”›â”ƒâ”ƒâ”ƒâ”ƒâ”ƒ
   HOMEOPATHY DOESN'T WORK
â”ƒâ”â”â”›â”ƒâ”ƒâ”ƒâ”ƒâ”ƒâ”â”â”›â”ƒâ”ƒâ”ƒâ”ƒ
â”ƒâ”—â”â”“â”ƒâ”—â”›â”ƒâ”ƒâ”—â”â”“â”ƒâ”—â”›â”ƒ
â”—â”â”â”›â”—â”â”â”›â”—â”â”â”›â”—â”â”",0
"#bloodsun has been with us all summer, a reminder that some people have had a tough #nye . The amazing â€¦ ",1
" I have such low expectations for our politicians, but Iâ€™m still blown away by how absurd this situation is. The NSW emergency serâ€¦",-1
Iâ€™m back here - miss you all    ,-1
"     Climate change is real. There is no doubt.

There isâ€¦ ",1
Happy New Year to all my friends around the world ğŸ™ğŸ»â™¥ï¸,1
 The last widow. Karin Slaughter ğŸ˜ğŸ“š,1
" I'm so proud of you sis, get that PhD!!!",1
 Very hard to celebrate a decade where Govts had all the facts on the risks ahead and failed to act. As we head in to 2020â€¦,-1
 Look   Lots of light + no #Fireworks for #NYE2020 ,-1
 Feliz fin de aÃ±o Nachoooo tkmmm. Te dirÃ­a que nunca cambies pero una persona como vos es desarrollo constâ€¦ ,0
"Anyway I just really wanted to say I still love you. Not in love with you. Not you, you.",1
" Thank you for your calming influence, your visionary leadership, your inspirational vision, your Christian example, youâ€¦",1
"Statement. The #1 search in Australia in 2019, according to the SMH, was 'fires near me'.",-1
minecraft cave noises are the scariest shit. youâ€™re just chilling looking for some diamonds when all of a sudden yoâ€¦ ,-1
 Extraordinary... ,0
"  Felicidades, amigazo!!!",0
 Tattooed the Painted Lady from Avatar the Last Airbender ğŸ’‰â™¥ï¸ ,0
 Morrison was warned about this crisis months ago - as was Premier. They had ample time to wake up and prioritise not onlyâ€¦,-1
 Happy New Year Pree! â¤ï¸,1
Those drones over Shanghai were pretty cool:  via ,1
"  Wrong elite and flying the wrong way. 

He could fly to Silicon Valley and discuss bringiâ€¦ ",-1
 You have to bug the pamphlets?!,0
My aries dad and leo mum should have consulted an astrologer before getting married yall IntEnse Af together omgomomg,1
" lee hi getting the lyrics ""you would regret this you fool"" and ""i'm done with you"" In CL MV was a beautiful foreshadowing oâ€¦",-1
,0
 Has the  decided to support bot-trolling? ,1
" Now that itâ€™s the twenties again, donâ€™t forget to do the Turkey Trot and give Aunt Maud a thousand fits ğŸ‘",-1
" #EnergyAccess is crucial to human well-being, but itâ€™s usually an afterthought in refugee camps. Find out how energy soluâ€¦",1
  We must reverse the trend of isolation and live as large multi-generation families. The best indicâ€¦ ,1
 Happy new year,1
Batman wishes you all a Happy New Year's Day - may you all comfortably flomp face-first into a bucket of clean launâ€¦ ,1
" More than 5 million hectares burned.

Now 11 people killed.

Almost 500 million animals estimated dead.

At least 18 expeâ€¦",-1
" â”â”â”â”“â”â”â”â”“â”â”â”â”“â”â”â”â”“
â”—â”â”“â”ƒâ”ƒâ”â”“â”ƒâ”—â”â”“â”ƒâ”ƒâ”â”“â”ƒ
â”â”â”›â”ƒâ”ƒâ”ƒâ”ƒâ”ƒâ”â”â”›â”ƒâ”ƒâ”ƒâ”ƒâ”ƒ
   HOMEOPATHY DOESN'T WORK
â”ƒâ”â”â”›â”ƒâ”ƒâ”ƒâ”ƒâ”ƒâ”â”â”›â”ƒâ”ƒâ”ƒâ”ƒ
â”ƒâ”—â”â”“â”ƒâ”—â”›â”ƒâ”ƒâ”—â”â”“â”ƒâ”—â”›â”ƒ
â”—â”â”â”›â”—â”â”â”›â”—â”â”â”›â”—â”â”",0
 Trust a Murdoch paper to publish this crap. Tingle is one of Australiaâ€™s finest political journalists.â€¦ ,1
Trivialityâ€”the power of constant distractionâ€”seeps into every crack of our society. Love demands that we pay attentâ€¦ ,1
 #BringBackTony ,0
   Perfect! You know that â€œDraft Dodgersâ€ is gonna play in my head each tâ€¦ ,1
"Here's the ultimate guide to great automated responses, along with six real-life examples so you can see them in acâ€¦ ",1
"Por favor seus desgraÃ§a, nÃ£o solta buceta de fogos de artifÃ­cios, isso nÃ£o agrega nada na vida de ngm, sÃ³ faz os bichinhos sofrerem",1
 i just watched this too. terrifying.,-1
" Transphobic/misogynistic dudebros be like ""hormones won't make you a real woman!"" then won't eat a fucking vegetarianâ€¦",1
 Does Telstra even have any â€œspecialistsâ€?,0
 Never,0
 Heâ€™s a devil for the scent of carbolic soap.,-1
  Hi we own a house on the south side of cooks crescent- if thereâ€™s any news of house losseâ€¦ ,0
 ?? Frank ocean brotha,0
" à¹à¸‡à¹‰à¸‡à¸‡à¸‡à¸‡à¸‡à¸‡à¸‡à¸§!!...à¸¡à¸¸à¸¡à¸™à¸µà¹‰à¸„à¸·à¸­à¸à¸µà¹ˆà¸ˆà¹‰à¸²à¸™à¸™à¹ˆà¸²à¸£à¸±à¸à¸¡à¸²à¸ à¸™à¹ˆà¸²à¸£à¸±à¸à¸—à¸µà¹ˆà¸ªà¸¸à¸” à¸™à¹ˆà¸²à¸£à¸±à¸à¹†à¹†à¹†à¹†à¹†à¹†ğŸ˜­ğŸ˜­ğŸ˜­ à¸„à¸™à¸­à¸°à¹„à¸£à¸•à¸à¹ƒà¸ˆà¸à¸£à¸°à¸”à¸²à¸©à¸¢à¸±à¸‡à¸”à¸¹à¸›à¸¸à¹Šà¸à¸›à¸´à¹Šà¸ à¸¡à¹‰à¸­à¸šà¹à¸¡à¹‰à¸š à¹„à¸›à¸«à¸¡à¸”
à¸à¸£à¸°â€¦",-1
 ,0
 â€œNo better place to raise kidsâ€ -according to our PM this morning. ,1
 As Margaret Atwood wrote in The Testaments: â€˜you donâ€™t believe the sky is falling until a chunk of it falls on youâ€™.â€¦,-1
"My #NewYearResolutions for 2020: 
1. To Graduate as a PhD
2. Publish 2 articles
3. Memorise ch18 qur'an.
Nah...I'llâ€¦ ",0
" NYT didnâ€™t get the memo. The talking point is revenge for Al-Bagdadi, dummkopfs!",-1
"   Adding: Things that work for one disabled person may not work for another, if someone says it wonâ€¦",0
"  Just keep working on the budget surplus Josh, no need to provide equipment &amp; resources to fire fighters,â€¦",-1
" before this night end, i just wanna apologise to the ppl that I've hurt while i was hurting and thank u to everyone thatâ€¦",-1
 My favourite intersection of competing interests is hardcore Australian monarchists and an increasingly climate activistâ€¦,1
 Ù‡Ù†Ø§Ù… Ø¨Ø¯Ù„ Ø®ÙŠØ¨Ø§Øª Ø§Ù„Ø£Ù…Ù„,0
 OPINION: The NSW practice of strip-searching children for drugs (usually finding nothing) is directed by emergency servicâ€¦,-1
Happy New Year! ğŸ¥³ğŸ» â€” Happy New Year!ğŸ˜Š ,1
 Finally is the wrong choice of word. She played a gay character in Sisters and you can just feel theâ€¦ ,-1
 La verga le dijo: Â¡con mucho gusto!,0
 ,0
,0
"Big cheers to  for putting our mugs on the cover of Front Left. HNY!

 ",1
 Remember everyone:  and  have prioritised saving money (there are currently idle firefighting planesâ€¦,0
"  Benny, you guys tried making NPC an insult and a meme. Come on. Lol.",-1
 HAPPY NEW YEAR!!! ğŸ’™âš¡ğŸ’™âš¡ğŸ’™ Love Sonic #SonicMovie ,1
  Booooo,0
" ã‚ªãƒ¼ã‚¹ãƒˆãƒ©ãƒªã‚¢ã®ã‚·ãƒ‰ãƒ‹ãƒ¼ã§ã¯2æ™‚é–“æ—©ããƒãƒƒãƒ”ãƒ¼ãƒ‹ãƒ¥ãƒ¼ã‚¤ãƒ¤ãƒ¼ã«ãªã‚Šã¾ã—ãŸï¼
ä»Šå¹´ã‚‚å®œã—ããŠé¡˜ã„ã—ã¾ã™ğŸ‡ ",0
   Yes ! He repealed the carbon tax when for the first time in 100 years our emissions were decreasing.,1
 A mais gata uai ,0
" Off to work, because hospitals close for no man, or woman, or public holiday.",1
 ğŸ¤£ğŸ¤£,1
"  During the early stages of the trial at So Dist of NY, the alleged victim was unnamed Jane Doe. Later, her namâ€¦",-1
" We're not an outfit that focuses on diversity as a target--we focus solely on talent.

Yet lo &amp; behold, 60% of 'sâ€¦",1
 I know. This is the first time itâ€™s happened,0
 ä½œç‚ºè¾²æ‘å‡ºä¾†çš„å­©å­ï¼Œæˆ‘çœ‹äº†ä¸€çœ¼å°±çŸ¥é“æ˜¯æ‰¯æ·¡ï¼Œæˆ‘å¾ä¾†æ²’çœ‹éå¥¹çš„å®Œæ•´è¦–é »ã€‚åˆ¥äººæ¨è–¦æˆ‘ç…éå…©çœ¼ï¼ŒåŠ èµ·ä¾†ä¸è¶…éåŠå°æ™‚ã€‚å“ˆå“ˆï¼Œé‚£æ™‚å€™å¥¹é‚„æ²’é€™éº¼ç«ï¼Œç¾åœ¨ä¸­å…±ç‚’ï¼Œä¸€å †äººæ“è­·ä¸€å †äººåˆåå°ï¼Œæ›´ç«äº†ã€‚é ˆçŸ¥ç½µäººä¹Ÿæ˜¯ç‚’ä½œã€‚æœ€å¥½çš„è¾¦æ³•å°±â€¦ ,0
 Sempre um prazer te acompanhar por aqui MendonÃ§Ã£o!! Feliz 2020!!!,0
 Yes cause there is nothing a real greenie loves more than watching the total destruction of nationalâ€¦ ,1
" 100% agree about not waiting. If you won the lottery, would you wait until the New Year to collectâ€¦ ",1
Good morning ,1
 This year will be something quite extraordinary.,0
" before this night end, i just wanna apologise to the ppl that I've hurt while i was hurting and thank u to everyone thatâ€¦",-1
ich hab swag  En veel geld maken,0
" The town of Mogo, on the NSW south coast, has sadly been devastated by the bushfires. Photos by the Herald's  #NSWFâ€¦",-1
"  It's time for another Royal visit to distract the masses.
And this time, Prince Wâ€¦ ",-1
 Since the looney LNP took charge.,0
" Have an incredible new year. Thank you for an incredible decade of music, growth, happiness and challenges. 
Hereâ€™s to more musicâ€¦",1
 This masterpiece!! â¤ï¸ ,1
An Illusion called Brunch Battle where you inhale Playa dust before sailing to a Brave new world,1
 Earth 'at a tipping point': Royal family launches climate crusade |  ,0
"UP's Kanpur Hits Zero Degrees, Delhi Gets Cold Wave Relief Till January 4  via ",1
 Me too,0
  Iâ€™m massively flattered. Thank you so so much â¤ï¸,1
 por isso mesmo que foi estranho uÃ© eu tive que ficar encarando pra ter certeza que nÃ£o era porque seria estranho se fosse,0
" Cet homme a dit Ã  sa fille ""ne dis a personne que ton pÃ¨re est Ã©boueur, ils se moqueront de toi.""

Sa fille a fait prendâ€¦",0
" We're not an outfit that focuses on diversity as a target--we focus solely on talent.

Yet lo &amp; behold, 60% of 'sâ€¦",1
 Mach mich bio ğŸ™‚,1
" Between 
Gina Raimondo
Sheldon Whitehouse 
R.I. is Doomed",-1
 yes please,1
" â˜¼ á´›Êœá´‡  Ê€ á´‡ á´  Éª á´  á´‡ á´…  á´€ á´„ á´‡Â â˜¼

*blows a kiss to the morning sun* for asahi ",1
,0
[new article] John Howard says there was â€œa riskâ€ some elements of the Indonesian military would not accept East Tiâ€¦ ,-1
" More than 5 million hectares burned.

Now 11 people killed.

Almost 500 million animals estimated dead.

At least 18 expeâ€¦",-1
" Have an incredible new year. Thank you for an incredible decade of music, growth, happiness and challenges. 
Hereâ€™s to more musicâ€¦",1
" And constantly the people reject your considered policies.

Those stupid Deplorables",-1
 Europe is watching us in total disbelief. A PM going in holidays while the country is on fire? AUâ€™s reputation is severely dâ€¦,-1
"  ğŸğŸ‰ğŸ‰  HNY 2020 à¸‚à¸­à¹ƒà¸«à¹‰à¹€à¸›à¹‡à¸™à¸›à¸µà¸—à¸µà¹ˆà¸”à¸µà¸‚à¸­à¸‡à¸—à¸¸à¸à¸„à¸™ à¸¡à¸µà¸„à¸§à¸²à¸¡à¸ªà¸¸à¸‚à¸¡à¸²à¸à¹†à¸™à¸°à¸„à¸°  ğŸ‰ğŸ‰ğŸğŸ

#CountDown2020WithPeck 
#à¹€à¸„à¸²à¸—à¹Œà¸”à¸²à¸§à¸™à¹Œ2020à¸à¸±à¸šà¸à¸µà¹ˆà¹€à¸›à¹Šà¸ #Peâ€¦",1
 what the future looks like ... ,1
" Hoy, en un nuevo capÃ­tulo de ""Ellas vs nosotros"" â¤ï¸ ",0
       â€¦ ,0
    he is a mockery to the great Aussie spirit.,1
" NO. I don't consent. Our government went ahead with fireworks in our cities and every corner, whilst precious animals, wilâ€¦",1
Ø®Ø¨ Ø§ÛŒÙ†Ù… Ø§Ø² Û²Û°Û²Û°ØŒ Ø­Ø§Ù„Ø§ Ú©Ù‡ Ú†ÛŒ Ø®Ø¨ØŸğŸ™„,0
 As journalists we have a deeply important responsibility to properly inform the public. By not tackling this false â€œdeniaâ€¦,1
 Yesterday I went to the beach with some family and saw a blue dragon in person for the first time! ğŸ˜ Iâ€™ve also successâ€¦,1
"Happy New Year! 
Bonne annÃ©e!
Frohes Neues Jahr! ",1
Welcome to 2020 where #my #twitter account got #hacked! #yay!!!! #freaking #nigeria!!!! (They show you where the haâ€¦ ,1
" This was Nowa Nowa, why is this not the story across all our screens? These idiots are to blame, therâ€¦ ",-1
   But there have been fires in NSW as well...? So... I donâ€™t think thereâ€¦ ,1
 OPINION: The NSW practice of strip-searching children for drugs (usually finding nothing) is directed by emergency servicâ€¦,-1
" Have an incredible new year. Thank you for an incredible decade of music, growth, happiness and challenges. 
Hereâ€™s to more musicâ€¦",1
 i really be shorter than jinho huh ğŸ˜­,-1
 dq11 ,0
"å‰›ä¸‹ç­å›å®¶çœ‹åˆ°ä¿¡ç®±è£¡ï¼Œæœ‰é€™å¼µğŸ¥ºğŸ¥º æ„Ÿåˆ°å¥½çª©å¿ƒâ¤ï¸â¤ï¸Thank you â¤ï¸ğŸ˜
Happy New Year ğŸŠ 

  ",1
 Just wanna be in my own fkn bed,0
,0
" Scott Morrison was furious when Christine Nixon went for dinner on Black Saturday.

10 News has confirmed that tonight,â€¦",-1
 HAPPY NEW YEAR!!!,1
" Cet homme a dit Ã  sa fille ""ne dis a personne que ton pÃ¨re est Ã©boueur, ils se moqueront de toi.""

Sa fille a fait prendâ€¦",0
 Chorar por ex ,0
 So donâ€™t panic. But show some real leadership that wonâ€™t attract ridicule worldwide.,-1
 fun fact i already won.,1
 This is an excellent scientific explainer by  of exactly how #climatechange has changed Australian temperatâ€¦,1
" My Recs: drinks lots of water &amp; some OJ, 1 alcohol w dinner if needed. Use saline nasal spray ~every 2â€¦ ",0
  One word - No.,0
          â€¦,0
" Have an incredible new year. Thank you for an incredible decade of music, growth, happiness and challenges. 
Hereâ€™s to more musicâ€¦",1
" is grateful to be celebrating their first Christmas with you!
May the joyful festive of Christmas brinâ€¦ ",1
 The midnight fireworks got half the TV audience of last yearâ€™s. Bit of a boycott going on?  â€¦,-1
 OPINION: The NSW practice of strip-searching children for drugs (usually finding nothing) is directed by emergency servicâ€¦,-1
 Hereâ€™s to half a dozen or so more,0
  Why forests are allowed to build up fuel loads to the dangerous levels that guarantee a super hot out of câ€¦,1
" I thought you were messing around about J. Cole bro, frank ocean is #6 for me , Kodak black made thoseâ€¦ ",0
"  (ala ) kick off 2020 with a message to #climate #deniers (criminals) as the nation burn... Clear,â€¦",-1
" Quite apart from all the other bastardry he was subjected to, Shorten was hounded relentlessly by journalists because heâ€¦",0
 OPINION: The NSW practice of strip-searching children for drugs (usually finding nothing) is directed by emergency servicâ€¦,-1
" Protesters stopped burn-offs in East Gippsland, which has since been devastated by fire. Most Green/Labor councillors aroundâ€¦",-1
,0
    #BurnNewsCorp,0
"  This was Nowa Nowa, why is this not the story across all our screens? These idiots are to blame, there wouâ€¦",-1
"Instrument: Mute Trumpet 1 
Tempo: 120.0
Played in the key of G. ",1
     #LittleManMorrison entirely predictable: worstâ€¦ ,0
 The firefightersâ€™ union (FBEU) has been asking to meet with Elliott for months to talk about the impact of budget cuts onâ€¦,-1
LMAO ,1
 Ya se acaba el 2019 upaaaaaa ,0
 My soulmate ainâ€™t human ,1
  From the comfort of your taxpayer funded residency in the USA... sponge!,1
"Happy New Year from Oz!

My ""corporate mugshot"" for 2020 is a fifties-vintage 400-series ivory-coloured handset.â€¦ ",1
Happy New Year from Sydney! ğŸ¥³ğŸ¤© ,1
" Bungle? It was one of the best moments of 2019! Go Laura Tingle!

And get in the bin where you belong Courier-Mail! #thâ€¦",1
 What's a mucker?,0
         ,0
" #HappyNewYear ğŸ¥³ 
Wishing you all the best for the year to come ğŸ˜Š
Hereâ€™s a little highlights reel from last year ğŸ¥
If 2â€¦",1
Happy New Year folks!,1
"      Le faltÃ³ mencionar el metro, que maÃ±ana inicia operaciones.â€¦",0
 Im living in 2020 dude,0
 I want cookies now,1
"Ariana in black lingerie from her site running on the EscortX app!


â€¦ ",0
 Publish more books than I managed to in 2019.,0
happy new year to all my twitter friends and followers from  ..ğŸ™‚ğŸ‡¦ğŸ‡ºâ¤ï¸I hope this new year will be aâ€¦ ,1
 $AHZ - will 2020 be the year that Admedusâ€™ products and science get recognised? I sure hope so as their #Adapt treated tissâ€¦,1
 OPINION: The NSW practice of strip-searching children for drugs (usually finding nothing) is directed by emergency servicâ€¦,-1
"It's You Don't Own Me, SAYGRACE, G-Aezy
",0
" This 2020, do little. ğŸ˜‰",0
,0
Happy new year to all and hope 2020 is a great one for all,1
" Our emergency workers are giving it all they've got to keep Australians safe.

Governments have got to do everything they can tâ€¦",1
 Barmy Army,0
" Here's the leader of Australia's opposition yesterday, amidst historic bushfires, refusing to link what's happening to gâ€¦",-1
 Was great being outside in it,1
 The brain is an amazing thing,1
  It's almost as if the government is working against our best interests.,1
 Antipodean Trump - heâ€™ll probably start rallies in regional Qld soon,0
 ğŸ¤£â¤ï¸,1
"Rosedale followers:

Iâ€™ve got a friend in the fire service who isnâ€™t in the area and heâ€™s trying to find out more.â€¦ ",1
 Walk the red carpet then go straight home. Time is of the essence.,1
 Todo sea para guardar espacio para ta noche,0
" Have an incredible new year. Thank you for an incredible decade of music, growth, happiness and challenges. 
Hereâ€™s to more musicâ€¦",1
" In the early months of 2010 I left high school at the age of 15.

This decade has been my entire adult life. Construction toâ€¦",0
" Have an incredible new year. Thank you for an incredible decade of music, growth, happiness and challenges. 
Hereâ€™s to more musicâ€¦",1
 Where are you?,0
 That sounds highly disappointing.,-1
"  The majority of the country voted for Morrison, and the latest polls show that he stiâ€¦ ",0
" Incredible - and frightening - photos are emerging from Mallacoota, a small town in the East Gippsland region of Victoria, where aâ€¦",-1
"Say what you will, but Labour was ready to govern: LABORâ€™S NATIONAL FIRE FIGHTING FLEET -Â SUNDAY, 17 MARCH 2019 ",-1
President Xi Jinping ends new year address with the mention of  20th anniversary of the handover of MacauğŸ‡²ğŸ‡´ as Prooâ€¦ ,0
Happy New Year!!!! Let's see what 2020 will bring ğŸ™Œâœ¨,1
 â¤ï¸â¤ï¸â¤ï¸ i miss u,-1
 Thank you. Keep in touch through the year ğŸ˜ŠâœŒğŸ»,1
 Zinco ?,0
  How come all the guys look like they have recently had something substantial shoved up their bottom? ğŸ˜‹ğŸ¤ªğŸ˜ğŸ˜œğŸ˜„ğŸ˜†ğŸ˜ğŸ˜…ğŸ˜‚ğŸ¤£,1
 Maybe you should have had a better policy,1
" NO. I don't consent. Our government went ahead with fireworks in our cities and every corner, whilst precious animals, wilâ€¦",1
 [new article] The Howard cabinet was warned not to allow broad consultation on a constitutional preamble and flagged futuâ€¦,-1
 happy new year to all my twitter friends and followers from  ..ğŸ™‚ğŸ‡¦ğŸ‡ºâ¤ï¸I hope this new year will be a peaâ€¦,1
   Gawd. Installing Linux isn't *that* fun! :),-1
 feeling like shit...just want this bitch back ğŸ˜­ ,-1
 Happy 2020...,1
"Good morning 
Cherry Blossom season in Japan ",1
 Also hey to my US followers who are waking up to see what appear to be CGI images of fires. They're all real. Last nightâ€¦,0
 11.15am 1/1/2020,0
Is anyone elseâ€™s snapchat not working?,0
Does anybody else get annoyed by that metal scraping sound on the Metro coming into Epping from Cherrybrook? It isâ€¦ ,-1
" Inside Canberra Centre mall now - chock full of smoke from fires nowhere near here...
#canberra #AustraliaBurns #Australiabâ€¦",0
 The best thing to do. Use the big trolley and push with purpose ğŸ˜‚,1
 Very hard to celebrate a decade where Govts had all the facts on the risks ahead and failed to act. As we head in to 2020â€¦,-1
Smug fuckers. ,-1
" Have an incredible new year. Thank you for an incredible decade of music, growth, happiness and challenges. 
Hereâ€™s to more musicâ€¦",1
" 2019 will always be an electrifying year to remember at !
Thank you for your continuous support and faith in uâ€¦",1
THEY DID ME SO WRONG BITCH OMG HAHAHAHAHAHAHA ,-1
"  This government and its leader will face its day of reckoning, sadly not soon enough. This is a pivotal momentâ€¦",-1
 Happy New Year Angel ğŸ‰ğŸŠ. All the best this year ğŸ¤—ğŸ’•ğŸŒ»,1
   Yeah. I donâ€™t think that changes anything about this discussion. Aboriâ€¦ ,1
" We're not an outfit that focuses on diversity as a target--we focus solely on talent.

Yet lo &amp; behold, 60% of 'sâ€¦",1
Good on you young  lady one day your power will be greater for our sakes hopes it soon ,1
" Happy new year, Ess! â˜ºï¸ğŸ’•",1
I slept through New Year's,0
" A friend just sent me these pics of her kids at the Bega Showground tonight.

Haunting images like this will forever eâ€¦",1
"  Eradicate mortgages and debt by relying on shared spaces and shared resources. 

Drug dealers (illâ€¦ ",1
 It's the nature of the beast to keep repeating the lie until it becomes accepted by LNP voting morons. Trump does it with aplomb.,-1
"Idk, Cyberpunk 2020 is starting to look positively utopian... ",1
  You are a disgrace. An embarrassment.,-1
"  Thank you and Happy New Year to you and yours.
Here's hoping for much happiness to come. ğŸ¨ğŸƒ",1
     The past 10 years and more. Our Leaders are morâ€¦ ,0
  A quien? A Camacho? O a su papÃ¡? Bolivar era huÃ©rfano idiotas.,0
 How good is air pollution!? ,1
 The midnight fireworks got half the TV audience of last yearâ€™s. Bit of a boycott going on?  â€¦,-1
" Have an incredible new year. Thank you for an incredible decade of music, growth, happiness and challenges. 
Hereâ€™s to more musicâ€¦",1
 More evidence Australia doesn't really exist,0
   Maybe she could volunteer her reasons and how she feels about it now.,0
So inspiring. We have much to learn from the #HongKongProtest movement's persistence and creativity. we'll need botâ€¦ ,1
 â€œNo better place to raise kidsâ€ -according to our PM this morning. ,1
          â€¦,0
" A Main Street destroyed. 

Residents of the NSW town of Cobargo, on the South Coast, have returned to find their town decimatâ€¦",-1
Maybe we should call him #denierfromtheshire ,0
       â€¦ ,0
à¸šà¸—à¸„à¸§à¸²à¸¡à¸›à¸µ 2019 à¸‚à¸­à¸‡à¸—à¸¸à¸à¸„à¸™à¹ƒà¸™à¹€à¸Ÿà¸ª à¸¡à¸µà¹à¸•à¹ˆà¹€à¸£à¸·à¹ˆà¸­à¸‡à¸„à¸§à¸²à¸¡à¸£à¸±à¸à¸”à¸µ à¹† #à¸­à¸´à¸ˆà¸‰à¸²à¸ˆà¹‰à¸² #à¹€à¸¨à¸£à¹‰à¸²,0
The Division 2 - Weekly Vendor Reset - PLUMS PICKS - MUST BUYS - NAMED T...  via ,0
" Hahaha donâ€™t worry literally everyone says that when they see us together ğŸ˜‚ thanks beautiful, have an awesome new year !! ğŸ’•",1
 I hope you are safe.,1
 Thanks to everyone on the South Coast and Southern NSW for your patience following the horrible day yesterday. Every effort isâ€¦,-1
" A Main Street destroyed. 

Residents of the NSW town of Cobargo, on the South Coast, have returned to find their town decimatâ€¦",-1
 London Paris anyone?? How much do we pay him? #NSWfires #AustraliaBurns ,-1
 Heâ€™s copied Trump to a tee. Shame we canâ€™t impeach him. Maybe arrest him for manslaughter ?,-1
 Man yâ€™all just as single as my ass is ,-1
 ğŸ’•,0
 I am actually so proud of myself for getting to 2020... when most of 2019 i didnâ€™t think i was gonna make it through the yâ€¦,1
Astronaut Breaks Record For Longest Single Spaceflight By A Woman ,0
" Have an incredible new year. Thank you for an incredible decade of music, growth, happiness and challenges. 
Hereâ€™s to more musicâ€¦",1
 The future already happened. Happy Current Year from Australia :),1
"This AMAZING house just down the road, So modern and space-age looking.",1
 And bloody  telling us â€œ donâ€™t worryâ€about family uncontactable on the South Coast. How out of touâ€¦ ,-1
" A friend just sent me these pics of her kids at the Bega Showground tonight.

Haunting images like this will forever eâ€¦",1
And here are some amazing science teachers I enjoy following     â€¦ ,1
 And this was interesting. Appears they may be â€˜buyingâ€™ the good comments ,1
Day 1 rewatching all the DVDs I own #500daysofsummer #1 ,0
  Journalism ?  that's a long stretch.   I think he did you a favour,1
Happy Tarek Elrich day everyone. ,1
 Yeah Iâ€™m fine! We never had an actual evacuation I just left once i could see flames in the distance,1
 Good work Brian.,1
Bolsonaro foi salvo por Deus ,0
"Happy New Year! 

Thank you for standing with refugees in 2019. You made a world of difference. 

Just think aboutâ€¦ ",1
 Good luck!  Thinking of you ğŸ”¥ğŸ”¥,1
will this show trigger my trauma haaaaaaaa ,-1
" 2020
Follow ",0
 Extraordinary... ,0
"  Well son, when a mummy and daddy love each other very much, sometimes they find a special way tâ€¦ ",1
 Honestly only here for photos of  drinking iced coffee,1
No Surprises - Radiohead  #NowPlaying,-1
"Ha! I always encourage my enterprise clients to do this. ""Not our problem, costs too much"" etc etc. ",1
 How will we know the difference?,0
   #ScottyFomMarketing the emperors new clothes,0
" It was gossip about a person's sex life. Even if I had better sources than 'random woman on Bondi Beach', I wouldn't report it",1
 ë¯¸ë¯¸ã…£ë¯¸ë¯¸ë¯¸ë¯¸ë¯¸ì¹œê±°ì•„ë‹ˆì—¬ !! ,0
   ğŸ¤£ğŸ¤£ğŸ¤£ğŸ¤£ğŸ¤£ğŸ¤£ğŸ¤£ they want to be oppressed so bad,1
" They were all peer viewed. 
I really don't have any more time for your emotional rantings and ad hominems.",1
 Australia is likely to be a wrecker on global climate change policy in the 2020s and I don't see that much hope of it châ€¦,1
 OPINION: The NSW practice of strip-searching children for drugs (usually finding nothing) is directed by emergency servicâ€¦,-1
  Looks like he fell for it!,1
 Thank you Om ,1
   Raise your hand if you were not shocked ğŸ™‹ğŸ»â€â™€ï¸,1
 Oh dear!,1
happy new year to Tex Perkins and Tex Perkins only,1
" Have an incredible new year. Thank you for an incredible decade of music, growth, happiness and challenges. 
Hereâ€™s to more musicâ€¦",1
where the fuck can i watch steven universe future,-1
 o convite foi p qm?,0
"I don't know If it will work but there is nothing to lose 

David Hurley (Governor-General): Calling on the Governoâ€¦ ",1
 I look rough but I kinda lov how weak i look hehehehehe ,-1
"    2 million raised, how much spent?",0
 Yeah it is ğŸ˜Š,1
 Very hard to celebrate a decade where Govts had all the facts on the risks ahead and failed to act. As we head in to 2020â€¦,-1
 Does sweat count?,0
 KJKKKKKKK CHEGA,0
   Because there are procedures to be followed &amp; a case made for the sacking; Thâ€¦ ,0
"So apparently the first 12 emojis in your history will determine how 2020 will go.

JANUARY: ğŸ˜‚
FEBRUARY: ğŸ¤£
MARCH: ğŸ¥ºâ€¦ ",1
"ğŸ“£ New Podcast! ""Bringin' It Back 130419 - Noms &amp; BK present Conspiracy Theories"" on  #aliens #area51â€¦ ",-1
" â”â”â”â”“â”â”â”â”“â”â”â”â”“â”â”â”â”“
â”—â”â”“â”ƒâ”ƒâ”â”“â”ƒâ”—â”â”“â”ƒâ”ƒâ”â”“â”ƒ
â”â”â”›â”ƒâ”ƒâ”ƒâ”ƒâ”ƒâ”â”â”›â”ƒâ”ƒâ”ƒâ”ƒ  I
à¸‚à¸­à¹ƒà¸«à¹‰à¸„à¸™à¸—à¸µà¹ˆà¹€à¸«à¹‡à¸™à¸—à¸§à¸´à¸•à¸™à¸µà¹‰à¹€à¸›à¹‡à¸™à¹€à¸¡à¸µà¸¢à¹€à¸›à¹Šà¸à¸•à¸¥à¸­à¸”à¹„à¸›
â”ƒâ”â”â”›â”ƒâ”ƒâ”ƒâ”ƒâ”ƒâ”â”â”›â”ƒâ”ƒâ”ƒâ”ƒ
â”ƒâ”—â”â”“â”ƒâ”—â”›â”ƒâ”ƒâ”—â”â”“â€¦",0
Wrote a blog post about launching a payment platform in 6 weeks with  - amazing payment innovation with greaâ€¦ ,1
" Happy New Year Martin, Hopefully youâ€™ll enjoy the luxury of a none eventful shift. ğŸ¤ğŸ‘",1
 Tattooed the Painted Lady from Avatar the Last Airbender ğŸ’‰â™¥ï¸ ,0
   Exactly,0
" More than 5 million hectares burned.

Now 11 people killed.

Almost 500 million animals estimated dead.

At least 18 expeâ€¦",-1
"  Keep tryin' hard, bud

",-1
" Have an incredible new year. Thank you for an incredible decade of music, growth, happiness and challenges. 
Hereâ€™s to more musicâ€¦",1
"#HNY2020 from Sydney, waking up after a fantastic show. Wishing happiness, health and continuing friendship to allâ€¦ ",1
 You too,0
 Yes Mrs Lipton.,1
" New idea for  - #Climatechange tours. How good would Aust be for that ? Fires, drought, sâ€¦",1
 Ly bro,1
 pqp a prÃ³pria energia ruim ambulante ğŸ˜­ mas eu nem energizei a coitadinha tbm,-1
   Made contact (via landline) with my friend near Batemans Bay. They're fending for thâ€¦,1
 ğŸ™ğŸ»ğŸ™ŒğŸ™ŒğŸ˜”â¤,1
 Tex Perkins dedicating The Honeymoon is Over to the PM &amp; then flipping off Kirribilli on live TV is a perfect way to endâ€¦,1
" ""Getting on with the job"", your spin is fooling no one and it's insulting watching you attempt toâ€¦ ",-1
" ^^^legend.......uh, well... legend^^^",1
"  Ivansito. Eres el actor proragonico de la novela con el menor raiting en horario premium del canal RCN. 
Baboso",0
" The year 2019 memories Down under !
#ausmedia #auspol #MSM
3/5 ",0
   Neely and Dunn u ğŸ””ğŸ”šHH ğŸ€ğŸ€ğŸ€,0
" Stay strong, Happy New YearğŸ‰ğŸ¾ğŸ¥‚",1
 I have been here and I know how he feels.,0
 Ù‡Ù†Ø§Ù… Ø¨Ø¯Ù„ Ø®ÙŠØ¨Ø§Øª Ø§Ù„Ø£Ù…Ù„,0
         â€¦,0
 Breaking: PM and Premier announce that city fire brigades will be become voluntary,-1
Ø£ÙˆÙ„Ù‡Ù… Ø§Ù†ÙŠğŸ˜”ğŸ˜” ,1
" If people want to know why Australia's government is trying to skate past this crisis, it's because the opposition is giâ€¦",-1
 My Aunt was able to get in contact briefly  about an hour ago to let us know she was safe and theiâ€¦ ,1
" Happy New Year, Raechi~ (*Â´è‰¸`*)
I donâ€™t remember being close to Germany ğŸ‘€",1
" Thank you for your calming influence, your visionary leadership, your inspirational vision, your Christian example, youâ€¦",1
"Starting the year with traditional Sri Lankan food: Kiri bath, lunu miris, jaggery and beef curry - Happy New Year!â€¦ ",1
  Happy New Year ğŸ¥³,1
" Murdoch's imbalance, mis-reporting and outright lies needs to constantly called out.

 is a national treasure.
#â€¦",-1
 Thank you Om ,1
" Dear PM ,
Mate! How good were the Sydney #NYE fireworks?!
#AustralianFires #NSWfires #VictoriaFires #ausâ€¦",1
  Kirribilli House is the Mar A Lago of Oz,0
 Iâ€™ve already broken all my new year resolutions,-1
  Reality,0
 We know this disaster is unprecedented â€“ no amount of Scott Morrison spin can hide it | Lenore Taylor ,-1
 When youâ€™ve decided that you probably wonâ€™t make it through this top but it will be worth it anyway,1
" Happy New Year! 

Thank you for standing with refugees in 2019. You made a world of difference. 

Just think about what we'â€¦",1
" NO. I don't consent. Our government went ahead with fireworks in our cities and every corner, whilst precious animals, wilâ€¦",1
 OPINION: The NSW practice of strip-searching children for drugs (usually finding nothing) is directed by emergency servicâ€¦,-1
" I mean, sure",1
" Look forward to your inquiry. Then the real criminals, the Greens who blocked hazard reduction andâ€¦ ",-1
   Not to mention spending a few hundred million on a plane for himself and brand new BMW cars for aâ€¦,0
    Perhaps they care about free speech and the ability of women to talk about their sex basedâ€¦,1
       Scott #Wankpuffin? ğŸ˜‚ğŸ˜‚ğŸ˜‚,1
  Iâ€™m sure  is crying today he lost you as a fan! ğŸ–•,-1
When a drunk selfie turns to art cause  iPhone 11 hahah ,-1
 Australia is likely to be a wrecker on global climate change policy in the 2020s and I don't see that much hope of it châ€¦,1
The Gloaming review â€“ Aus drama with shades of Twin Peaks  ,0
" Have an incredible new year. Thank you for an incredible decade of music, growth, happiness and challenges. 
Hereâ€™s to more musicâ€¦",1
" happiness, forgiveness and abs 2020. ğŸ’•",1
 ,0
    Sure thing climate criminal. #LockHimUp #auspol,-1
" A Main Street destroyed. 

Residents of the NSW town of Cobargo, on the South Coast, have returned to find their town decimatâ€¦",-1
I can normally tell how intelligent a man is by how stupid he thinks I am. - Cormac McCarthy #quote,-1
" MW3 was my favourite COD because I loved playing survival mode with my friend, I really hope I win sâ€¦ ",1
 hello  its  here fromğŸ‡¦ğŸ‡ºğŸ™‚â¤ï¸happy new year to you  I hope you haâ€¦ ,1
 ğŸ™ğŸ»ğŸ˜”ğŸ™ŒğŸ™Œâ¤,1
" Have an incredible new year. Thank you for an incredible decade of music, growth, happiness and challenges. 
Hereâ€™s to more musicâ€¦",1
      You have to make alternative popularâ€¦ ,0
"#tesla #Israel #ElectricCar
",0
 British police have charged a man with criminal damage after a painting was attacked at the Tate Modern gallery  â€¦,-1
 Happy new year,1
ĞšĞ°Ğº Ñ Ğ¿Ğ¾Ñ€ĞµĞ·Ğ°Ğ»Ğ°ÑÑŒ? ,0
"2019 was an interesting year, more ups than downs so I guess you could call it a good year! â˜ºï¸ Looking forward to wâ€¦ ",1
" Imagine setting up a twitter page, to celebrate someone death as your still pissed that you werenâ€™â€¦ ",-1
 Quit coal or get out of the way,0
 Ez,1
 The firefightersâ€™ union (FBEU) has been asking to meet with Elliott for months to talk about the impact of budget cuts onâ€¦,-1
 Some might even say a wee bit kinky ğŸ˜,1
 what the future looks like ... ,1
ğŸ˜­ğŸ˜­ğŸ˜­ ,-1
" A friend just sent me these pics of her kids at the Bega Showground tonight.

Haunting images like this will forever eâ€¦",1
" 2 things

1. This is how itâ€™s done.

2. Their Parliament is sitting. ",0
         â€¦,0
" I have such low expectations for our politicians, but Iâ€™m still blown away by how absurd this situation is. The NSW emergency serâ€¦",-1
Underrated/overlooked releases of 2019 [a musical]: Lisa Lerkenfeld - 29Â° (Longform Editions) ,0
" NO. I don't consent. Our government went ahead with fireworks in our cities and every corner, whilst precious animals, wilâ€¦",1
  hello  its  here fromğŸ‡¦ğŸ‡ºğŸ™‚â¤ï¸happy new year to you  I hope you haveâ€¦,1
 The midnight fireworks got half the TV audience of last yearâ€™s. Bit of a boycott going on?  â€¦,-1
" The year 2019 Memories Down under !
2/5 #auspol #Australia ",0
 Hahaha ğŸ˜‚,1
 OPINION: The NSW practice of strip-searching children for drugs (usually finding nothing) is directed by emergency servicâ€¦,-1
 #happynewyear2020         â€¦,0
" A friend just sent me these pics of her kids at the Bega Showground tonight.

Haunting images like this will forever eâ€¦",1
 Went for a bush walk and discovered this artwork on North Curl Curl headland. What say you Scott Morrison?â¦â€¦,0
    meu deus do ceu eu to rkndo MUITO,0
Projects is to stop war and eyes on activities &amp; development in each city,-1
" Yeah, this was pretty screwed. Fascinating also how the police chief shared it credulously without lookâ€¦ ",1
 lies !! you're gorgeous &lt;33,1
         â€¦,0
  No one is saying the climate crisis causes bushfires. Of course there have always been firesâ€¦ ,-1
#BolsonaroMaisForteEm2020,0
Except that the only way to keep up with the economy is to make our hobbies side-hustles. The cost of living is incâ€¦ ,0
State Secretary Pompeo reacts to attacks on US embassy in Baghdad  via ,-1
oomf should have answeredğŸ¥³ğŸ¥³ ,1
" Have an incredible new year. Thank you for an incredible decade of music, growth, happiness and challenges. 
Hereâ€™s to more musicâ€¦",1
" before this night end, i just wanna apologise to the ppl that I've hurt while i was hurting and thank u to everyone thatâ€¦",-1
 We know this disaster is unprecedented â€“ no amount of Scott Morrison spin can hide it | Lenore Taylor ,-1
" Have an incredible new year. Thank you for an incredible decade of music, growth, happiness and challenges. 
Hereâ€™s to more musicâ€¦",1
" 17,000 people without power 
Live: Flames rip through towns, fears death toll will rise as bushfires rage on 
 â€¦",-1
happy new year to everyone and especially to the recently benched OG anunoby,1
this year imma practice keeping my ass  home ğŸ¤£ğŸ¤£ğŸ¤£ğŸ¤£ğŸ¤£,1
 : Sorry guys weâ€™re trying to keep our address private so that we donâ€™t have any paparazzi &amp; thenâ€¦ ,-1
 ,0
" Why couldnâ€™t  get off stupid  &amp; talk to actual journalists &amp; answer real questions? 

Becauseâ€¦",-1
 My favourite intersection of competing interests is hardcore Australian monarchists and an increasingly climate activistâ€¦,1
" Thanks!!!! ...and donâ€™t worry, Iâ€™ll be doing the same thing, but at my TV ğŸ˜³",0
"#Scottludlum fled the South Coast bushfires.
'In the face of the smirking vacuum that passes for national politicalâ€¦ ",0
" You and your corrupt, corporate entity that you call a ""government"", hang you heads in shame!
#koalakillerâ€¦ ",-1
" What does it take to stare at the blanket of smoke that has covered NSW for most of December, to look at the size, scope &amp; ubâ€¦",0
 This is the beautiful little country town of Mogo... destroyed. #climateemergency #MorrisonFires #auspol #AustraliaBurns hâ€¦,1
" â”â”â”â”“â”â”â”â”“â”â”â”â”“â”â”â”â”“
â”—â”â”“â”ƒâ”ƒâ”â”“â”ƒâ”—â”â”“â”ƒâ”ƒâ”â”“â”ƒ
â”â”â”›â”ƒâ”ƒâ”ƒâ”ƒâ”ƒâ”â”â”›â”ƒâ”ƒâ”ƒâ”ƒ  I
à¸‚à¸­à¹ƒà¸«à¹‰à¸„à¸™à¸—à¸µà¹ˆà¹€à¸«à¹‡à¸™à¸—à¸§à¸´à¸•à¸™à¸µà¹‰à¹€à¸›à¹‡à¸™à¹€à¸¡à¸µà¸¢à¹€à¸›à¹Šà¸à¸•à¸¥à¸­à¸”à¹„à¸›
â”ƒâ”â”â”›â”ƒâ”ƒâ”ƒâ”ƒâ”ƒâ”â”â”›â”ƒâ”ƒâ”ƒâ”ƒ
â”ƒâ”—â”â”“â”ƒâ”—â”›â”ƒâ”ƒâ”—â”â”“â€¦",0
"EU NO MEIO DA MINHA FAMÃLIA ABRO ESSE VIDEO, SORTE QUE O SOM TA ALTO ",-1
" Our short-sightedness on this will ultimately cost the nation, both in the direct impacts of climate change to our vulneâ€¦",-1
" Have an incredible new year. Thank you for an incredible decade of music, growth, happiness and challenges. 
Hereâ€™s to more musicâ€¦",1
  Thanks so much man &lt;3 &lt;3 we are really passionate about ethical production so put a lot of work into our practices :),1
It's still last year in the USAâ€¦ ğŸ˜†,1
 Uu apaguen los telefonos pq van a llegar todos los mensajes que mandaron al 2020,0
" Have an incredible new year. Thank you for an incredible decade of music, growth, happiness and challenges. 
Hereâ€™s to more musicâ€¦",1
 OPINION: The NSW practice of strip-searching children for drugs (usually finding nothing) is directed by emergency servicâ€¦,-1
"went on ig n saw 82628273 stories of fireworks, i nvr clicked out of an app so fast",0
Welcomed the new year in a dinosaur onesie dancing to Craig David with my nephew. Would have it no other way ğŸ˜‚ğŸ˜‚,1
 H.A.P.P.Y N.E.W Y.E.A.R 2.0.2.0,0
DONT FKN POST THE WHOLE FIREWORKS SHOW ON UR STORIES,0
 í‚¤ì¦ˆì¹´í˜ì— ë¹„ì¹˜ëœ í‚¤ì¦ˆ ìŠ¤íƒ€ì¼ë§ë¶ì„ ë³´ë©° ì‹¤ê°í•˜ëŠ” í—¬ì¡°ì„  ,0
 OPINION: The NSW practice of strip-searching children for drugs (usually finding nothing) is directed by emergency servicâ€¦,-1
" Have an incredible new year. Thank you for an incredible decade of music, growth, happiness and challenges. 
Hereâ€™s to more musicâ€¦",1
 Spoke to my relatives in the Netherlands. They are very aware there whatâ€™s happening here. The Happy Clapper Slogan Bogan isâ€¦,1
  Hey  maybe some geofencing  for this ad in Australia. Its a national emergency here as much of the eastern statâ€¦,-1
       I found this one ,0
 Our fires are so big they are creating their own weather. Enough denial about climate change. More action! #climatechange. #nswfâ€¦,1
 Stay safe!!,1
" Agreed.

I think 'as little nuclear as necessary, given the potential externalities' is sensible.

Butâ€¦ ",1
" Have an incredible new year. Thank you for an incredible decade of music, growth, happiness and challenges. 
Hereâ€™s to more musicâ€¦",1
Sharon Stone blocked from dating app Bumble after users thought her profile was fake ,-1
"    Well over 100 people charged with arson - so far - in NSW, QLD and VIC. Wonder where the #Aâ€¦",1
" Happy New Year!! We wish you many happy adventures for 2020, whatever adventure means to you ğŸ˜ŠğŸ˜ŠğŸ˜Š #adventure #bedaring #tryâ€¦",1
    That the same national debt that is majority raised under tâ€¦ ,-1
" Have an incredible new year. Thank you for an incredible decade of music, growth, happiness and challenges. 
Hereâ€™s to more musicâ€¦",1
" This was Nowa Nowa, why is this not the story across all our screens? These idiots are to blame, tâ€¦ ",-1
  Because not all firefighters are entitled to it still!,1
 I'm literally fearful for my kids returning to the smoke. Two are still coughing from 3 weeks ago. What an utter moron #aâ€¦,-1
 I completely passed out at 11,0
" Have an incredible new year. Thank you for an incredible decade of music, growth, happiness and challenges. 
Hereâ€™s to more musicâ€¦",1
       Maybe #ScottyfromMarketing can geâ€¦ ,0
" Happy New Year 2020 à¸‚à¸­à¹ƒà¸«à¹‰à¸™à¸¸à¸Š &amp; à¸™à¸¸à¸Šà¸² à¸—à¸¸à¸à¹†à¸„à¸™à¸¡à¸µà¸„à¸§à¸²à¸¡à¸ªà¸¸à¸‚à¸¡à¸²à¸à¹†à¸ˆà¹‰à¸² 

 à¸‹à¸´à¸”à¸™à¸µà¸¢à¹Œ Countdown à¹„à¸›à¹€à¸£à¸µà¸¢à¸šà¸£à¹‰à¸­à¸¢ à¸à¸¥à¸¸à¸­à¸¥à¸±à¸‡à¸à¸²à¸£à¸¡à¸²à¸ ğŸ‰ğŸ‰ğŸ‰ #à¹€à¸›à¹Šà¸à¸œà¸¥à¸´à¸•à¹‚â€¦",1
 US still in 2019.,0
" Love it: ""This one goes out to the Prime Minister, the honeymoon is over"" - Tex Perkins. Hope you saw that â€¦",1
" start 2020 with this song
",0
ok cool itâ€™s 2020 where are the aus dates mf ,1
        Yoâ€¦ ,0
  Why forests are allowed to build up fuel loads to the dangerous levels that guarantee a super hot out oâ€¦,1
  Yep. Was pretty amazing.,1
 Fechando 2019 com chave de ouro â¤ï¸ #RBD ,0
 Want to help the community of #Bilpin? Buy their products â€“ you can do this online and it really does help. Their cider aâ€¦,1
 Realising that Rise of Skywalker could also be called The Emperorâ€™s New Groove ğŸ¦™ğŸ¦™ğŸ¦™ #RiseofSkywalker,0
"Been cleaning up dog shit on the carpet for an hour now with white vinegar, detergent and sadness",-1
" No, they were not. Television viewers were shocked to see entire streets destroyed by fire and families sheltering on boatsâ€¦",-1
 hope youâ€™re safe and sound mate ,1
    No they wonâ€™t because there was NO coup...another conspiracy theâ€¦ ,-1
"    These are the pro trucks, they do have outside sprinklers and they have fire retardant blankets.",-1
"  Would it be possible to get a guest list from the PMs party at Kirribilli last night? 
Surely if taxpayeâ€¦",1
"  This was Nowa Nowa, why is this not the story across all our screens? These idiots are to blame, thereâ€¦",-1
 look at my girl being inspirational as fuck,-1
  Sure beats coprophagia.,1
 IM THE ONE ACCOUNT DOWN ON HIS LIST ğŸ˜­ğŸ˜­ğŸ˜­ğŸ˜­,-1
" Have an incredible new year. Thank you for an incredible decade of music, growth, happiness and challenges. 
Hereâ€™s to more musicâ€¦",1
 Some people spent an uncomfortable night on the side of the Princes Highway at the Milton roadblock  #bushfiresNSâ€¦,-1
   He was only doing what the rest of the country were thinking #TexPerkins #ScottyfromMarketing #TheFinger,0
 Find me so proof mate.,0
" Have an incredible new year. Thank you for an incredible decade of music, growth, happiness and challenges. 
Hereâ€™s to more musicâ€¦",1
